id,timestamp_utc,dew_point,heat_index,hum,rain_rate_hi_clicks,rain_rate_hi_in,rain_rate_last_in,rain_storm_last_in,rainfall_daily_in,rainfall_monthly_in,rainfall_year_in,solar_rad,temp,thsw_index,thw_index,uv_index,wet_bulb,wind_chill,wind_dir_last,wind_dir_scalar_avg_last_10_min,wind_speed_avg_last_10_min,wind_speed_hi_last_10_min,wind_speed_last,rx_state,wind_speed_hi_last_2_min,wind_dir_at_hi_speed_last_10_min,rain_rate_hi_last_15_min_clicks,rain_size,tz_offset,rainfall_last_60_min_clicks,rainfall_monthly_clicks,wind_dir_at_hi_speed_last_2_min,rainfall_daily_mm,rain_storm_last_clicks,tx_id,rain_storm_last_start_at,rainfall_last_15_min_in,rainfall_daily_clicks,rainfall_last_15_min_mm,rain_storm_clicks,rain_rate_hi_mm,rainfall_year_clicks,rain_storm_in,rain_storm_last_end_at,rain_storm_mm,wind_dir_scalar_avg_last_2_min,rainfall_last_24_hr_in,rainfall_last_60_min_mm,trans_battery_flag,rainfall_last_60_min_in,rain_storm_start_time,rainfall_last_24_hr_mm,rainfall_last_15_min_clicks,rainfall_year_mm,wind_dir_scalar_avg_last_1_min,wind_speed_avg_last_2_min,rainfall_monthly_mm,rain_storm_last_mm,wind_speed_avg_last_1_min,rain_rate_last_mm,rain_rate_last_clicks,rainfall_last_24_hr_clicks,rain_rate_hi_last_15_min_mm,rain_rate_hi_last_15_min_in,ts,is_maintenance
26601,2026-10-01T22:45:14,49.7,88.1,24.8,0,0.0,0.0,0.76,0.0,0.76,7.13,534.0,90.5,99.2,88.1,1.7,57.1,90.5,360,360,2.43,8.0,4.0,0,8,360,0,1,-25200,0,76,360,0,76,1,1788482940,0,0,0,0,0,713,0,1788620460,0,360,0,0,0,0,,0,0,181.102,360,2.68,19,19.304,3.31,0,0,0,0,0,1790894714,0
26602,2026-10-01T23:00:14,48.2,87.9,23.5,0,0.0,0.0,0.76,0.0,0.76,7.13,503.0,90.5,99.2,87.9,1.5,55.8,90.5,360,360,2.18,6.0,1.0,0,2,360,0,1,-25200,0,76,360,0,76,1,1788482940,0,0,0,0,0,713,0,1788620460,0,360,0,0,0,0,,0,0,181.102,360,1.56,19,19.304,1.12,0,0,0,0,0,1790895614,0
26603,2026-10-01T23:15:14,48.1,88.0,23.3,0,0.0,0.0,0.76,0.0,0.76,7.13,466.0,90.6,99.4,88.0,1.2,55.7,90.6,360,360,2.87,8.0,2.0,0,8,360,0,1,-25200,0,76,360,0,76,1,1788482940,0,0,0,0,0,713,0,1788620460,0,360,0,0,0,0,,0,0,181.102,360,2.81,19,19.304,2.31,0,0,0,0,0,1790896514,0
26604,2026-10-01T23:30:14,49.2,87.8,24.5,0,0.0,0.0,0.76,0.0,0.76,7.13,424.0,90.3,98.9,87.8,1.0,56.6,90.3,360,360,2.87,6.0,2.0,0,6,360,0,1,-25200,0,76,360,0,76,1,1788482940,0,0,0,0,0,713,0,1788620460,0,360,0,0,0,0,,0,0,181.102,360,2.0,19,19.304,1.68,0,0,0,0,0,1790897414,0
26605,2026-10-01T23:45:14,48.1,87.5,23.7,0,0.0,0.0,0.76,0.0,0.76,7.13,380.0,90.1,98.3,87.5,0.8,55.7,90.1,360,360,3.0,6.0,2.0,0,6,360,0,1,-25200,0,76,360,0,76,1,1788482940,0,0,0,0,0,713,0,1788620460,0,360,0,0,0,0,,0,0,181.102,360,3.43,19,19.304,3.12,0,0,0,0,0,1790898314,0
26606,2026-10-02T00:00:14,48.9,87.8,24.3,0,0.0,0.0,0.76,0.0,0.76,7.13,332.0,90.3,97.9,87.8,0.6,56.4,90.3,360,360,2.56,6.0,1.0,0,4,360,0,1,-25200,0,76,360,0,76,1,1788482940,0,0,0,0,0,713,0,1788620460,0,360,0,0,0,0,,0,0,181.102,360,2.25,19,19.304,1.87,0,0,0,0,0,1790899214,0
26607,2026-10-02T00:15:14,48.5,87.4,24.1,0,0.0,0.0,0.76,0.0,0.76,7.13,285.0,90.0,96.5,87.4,0.0,56.1,90.0,360,360,2.75,6.0,5.0,0,6,360,0,1,-25200,0,76,360,0,76,1,1788482940,0,0,0,0,0,713,0,1788620460,0,360,0,0,0,0,,0,0,181.102,360,3.31,19,19.304,3.06,0,0,0,0,0,1790900114,0
26608,2026-10-02T00:30:14,49.6,86.9,25.7,0,0.0,0.0,0.76,0.0,0.76,7.13,236.0,89.3,94.7,86.9,0.0,56.9,89.3,360,360,2.81,6.0,3.0,0,4,360,0,1,-25200,0,76,360,0,76,1,1788482940,0,0,0,0,0,713,0,1788620460,0,360,0,0,0,0,,0,0,181.102,360,2.31,19,19.304,2.18,0,0,0,0,0,1790901014,0
26609,2026-10-02T00:45:14,49.4,86.2,26.1,0,0.0,0.0,0.76,0.0,0.76,7.13,176.0,88.6,91.9,86.2,0.0,56.7,88.6,360,360,2.18,4.0,2.0,0,4,360,0,1,-25200,0,76,360,0,76,1,1788482940,0,0,0,0,0,713,0,1788620460,0,360,0,0,0,0,,0,0,181.102,360,2.25,19,19.304,2.62,0,0,0,0,0,1790901914,0
26610,2026-10-02T01:00:14,48.9,84.5,27.1,0,0.0,0.0,0.76,0.0,0.76,7.13,120.0,86.8,83.6,84.5,0.0,56.3,86.8,360,360,2.62,6.0,3.0,0,4,360,0,1,-25200,0,76,360,0,76,1,1788482940,0,0,0,0,0,713,0,1788620460,0,360,0,0,0,0,,0,0,181.102,360,2.37,19,19.304,2.0,0,0,0,0,0,1790902814,0
26611,2026-10-02T01:15:14,49.4,84.2,28.0,0,0.0,0.0,0.76,0.0,0.76,7.13,65.0,86.4,82.2,84.2,0.0,56.7,86.4,360,360,0.87,3.0,2.0,0,3,360,0,1,-25200,0,76,360,0,76,1,1788482940,0,0,0,0,0,713,0,1788620460,0,360,0,0,0,0,,0,0,181.102,360,1.43,19,19.304,1.37,0,0,0,0,0,1790903714,0
26612,2026-10-02T01:30:14,50.0,83.3,29.6,0,0.0,0.0,0.76,0.0,0.76,7.13,21.0,85.3,81.3,83.3,0.0,57.1,85.3,0,360,0.12,2.0,0.0,0,,360,0,1,-25200,0,76,,0,76,1,1788482940,0,0,0,0,0,713,0,1788620460,0,360,0,0,0,0,,0,0,181.102,0,0.0,19,19.304,0.0,0,0,0,0,0,1790904614,0
26613,2026-10-02T01:45:14,49.8,80.5,32.4,0,0.0,0.0,0.76,0.0,0.76,7.13,0.0,82.3,78.5,80.5,0.0,56.7,82.3,360,360,0.25,2.0,1.0,0,2,360,0,1,-25200,0,76,360,0,76,1,1788482940,0,0,0,0,0,713,0,1788620460,0,360,0,0,0,0,,0,0,181.102,360,0.75,19,19.304,0.87,0,0,0,0,0,1790905514,0
26614,2026-10-02T02:00:14,49.3,77.1,36.0,0,0.0,0.0,0.76,0.0,0.76,7.13,0.0,78.5,75.1,77.1,0.0,56.0,78.5,360,360,1.31,2.0,2.0,0,2,360,0,1,-25200,0,76,360,0,76,1,1788482940,0,0,0,0,0,713,0,1788620460,0,360,0,0,0,0,,0,0,181.102,360,1.43,19,19.304,1.56,0,0,0,0,0,1790906414,0
26615,2026-10-02T02:15:14,48.9,74.6,38.9,0,0.0,0.0,0.76,0.0,0.76,7.13,0.0,75.7,72.6,74.6,0.0,55.5,75.7,360,360,1.75,3.0,3.0,0,3,360,0,1,-25200,0,76,360,0,76,1,1788482940,0,0,0,0,0,713,0,1788620460,0,360,0,0,0,0,,0,0,181.102,360,2.37,19,19.304,2.68,0,0,0,0,0,1790907314,0
26616,2026-10-02T02:30:14,48.9,73.1,41.2,0,0.0,0.0,0.76,0.0,0.76,7.13,0.0,74.0,71.1,73.1,0.0,55.3,74.0,360,360,0.93,2.0,2.0,0,2,360,0,1,-25200,0,76,360,0,76,1,1788482940,0,0,0,0,0,713,0,1788620460,0,360,0,0,0,0,,0,0,181.102,360,1.18,19,19.304,1.37,0,0,0,0,0,1790908214,0
26617,2026-10-02T02:45:14,48.9,71.2,43.2,0,0.0,0.0,0.76,0.0,0.76,7.13,0.0,72.6,69.2,71.2,0.0,55.1,72.6,360,360,1.75,3.0,1.0,0,3,360,0,1,-25200,0,76,360,0,76,1,1788482940,0,0,0,0,0,713,0,1788620460,0,360,0,0,0,0,,0,0,181.102,360,1.43,19,19.304,1.37,0,0,0,0,0,1790909114,0
26618,2026-10-02T03:00:14,48.7,69.0,45.5,0,0.0,0.0,0.76,0.0,0.76,7.13,0.0,70.8,67.0,69.0,0.0,54.7,70.8,360,360,1.93,3.0,2.0,0,3,360,0,1,-25200,0,76,360,0,76,1,1788482940,0,0,0,0,0,713,0,1788620460,0,360,0,0,0,0,,0,0,181.102,360,2.43,19,19.304,2.5,0,0,0,0,0,1790910014,0
26619,2026-10-02T03:15:14,48.6,69.0,45.4,0,0.0,0.0,0.76,0.0,0.76,7.13,0.0,70.8,67.0,69.0,0.0,54.6,70.8,360,360,1.5,3.0,2.0,0,3,360,0,1,-25200,0,76,360,0,76,1,1788482940,0,0,0,0,0,713,0,1788620460,0,360,0,0,0,0,,0,0,181.102,360,2.0,19,19.304,1.87,0,0,0,0,0,1790910914,0
26620,2026-10-02T03:30:14,49.0,69.2,45.8,0,0.0,0.0,0.76,0.0,0.76,7.13,0.0,70.9,67.2,69.2,0.0,54.9,70.9,360,360,1.31,3.0,2.0,0,3,360,0,1,-25200,0,76,360,0,76,1,1788482940,0,0,0,0,0,713,0,1788620460,0,360,0,0,0,0,,0,0,181.102,360,1.87,19,19.304,2.0,0,0,0,0,0,1790911814,0
26621,2026-10-02T03:45:14,48.7,68.4,46.3,0,0.0,0.0,0.76,0.0,0.76,7.13,0.0,70.3,66.4,68.4,0.0,54.6,70.3,360,360,1.18,2.0,2.0,0,2,360,0,1,-25200,0,76,360,0,76,1,1788482940,0,0,0,0,0,713,0,1788620460,0,360,0,0,0,0,,0,0,181.102,360,1.0,19,19.304,1.06,0,0,0,0,0,1790912714,0
26622,2026-10-02T04:00:14,48.7,67.9,47.0,0,0.0,0.0,0.76,0.0,0.76,7.13,0.0,69.8,65.9,67.9,0.0,54.6,69.8,360,360,1.25,2.0,1.0,0,2,360,0,1,-25200,0,76,360,0,76,1,1788482940,0,0,0,0,0,713,0,1788620460,0,360,0,0,0,0,,0,0,181.102,360,1.37,19,19.304,1.5,0,0,0,0,0,1790913614,0
26623,2026-10-02T04:15:14,48.3,67.4,47.5,0,0.0,0.0,0.76,0.0,0.76,7.13,0.0,69.1,65.4,67.4,0.0,54.2,69.1,360,360,1.12,3.0,1.0,0,1,360,0,1,-25200,0,76,360,0,76,1,1788482940,0,0,0,0,0,713,0,1788620460,0,360,0,0,0,0,,0,0,181.102,360,0.68,19,19.304,0.5,0,0,0,0,0,1790914514,0
26624,2026-10-02T04:30:14,48.2,66.4,49.8,0,0.0,0.0,0.76,0.0,0.76,7.13,0.0,67.6,64.4,66.4,0.0,53.8,67.6,360,360,1.81,3.0,1.0,0,3,360,0,1,-25200,0,76,360,0,76,1,1788482940,0,0,0,0,0,713,0,1788620460,0,360,0,0,0,0,,0,0,181.102,360,1.37,19,19.304,1.31,0,0,0,0,0,1790915414,0
26625,2026-10-02T04:45:14,48.5,66.4,50.3,0,0.0,0.0,0.76,0.0,0.76,7.13,0.0,67.6,64.4,66.4,0.0,54.1,67.6,360,360,1.37,3.0,2.0,0,3,360,0,1,-25200,0,76,360,0,76,1,1788482940,0,0,0,0,0,713,0,1788620460,0,360,0,0,0,0,,0,0,181.102,360,1.81,19,19.304,1.93,0,0,0,0,0,1790916314,0
26626,2026-10-02T05:00:14,48.2,66.1,50.2,0,0.0,0.0,0.76,0.0,0.76,7.13,0.0,67.4,64.1,66.1,0.0,53.8,67.4,360,360,1.37,3.0,2.0,0,3,360,0,1,-25200,0,76,360,0,76,1,1788482940,0,0,0,0,0,713,0,1788620460,0,360,0,0,0,0,,0,0,181.102,360,1.12,19,19.304,1.43,0,0,0,0,0,1790917214,0
26627,2026-10-02T05:15:14,48.1,65.4,50.8,0,0.0,0.0,0.76,0.0,0.76,7.13,0.0,66.9,63.4,65.4,0.0,53.6,66.9,360,360,1.56,3.0,2.0,0,3,360,0,1,-25200,0,76,360,0,76,1,1788482940,0,0,0,0,0,713,0,1788620460,0,360,0,0,0,0,,0,0,181.102,360,1.75,19,19.304,1.62,0,0,0,0,0,1790918114,0
26628,2026-10-02T05:30:14,47.8,64.0,52.5,0,0.0,0.0,0.76,0.0,0.76,7.13,0.0,65.7,62.0,64.0,0.0,53.2,65.7,360,360,1.37,2.0,1.0,0,2,360,0,1,-25200,0,76,360,0,76,1,1788482940,0,0,0,0,0,713,0,1788620460,0,360,0,0,0,0,,0,0,181.102,360,1.37,19,19.304,1.37,0,0,0,0,0,1790919014,0
26629,2026-10-02T05:45:14,47.8,63.6,53.2,0,0.0,0.0,0.76,0.0,0.76,7.13,0.0,65.3,61.6,63.6,0.0,53.1,65.3,360,360,1.43,3.0,1.0,0,2,360,0,1,-25200,0,76,360,0,76,1,1788482940,0,0,0,0,0,713,0,1788620460,0,360,0,0,0,0,,0,0,181.102,360,1.37,19,19.304,1.37,0,0,0,0,0,1790919914,0
26630,2026-10-02T06:00:14,48.0,63.9,52.9,0,0.0,0.0,0.76,0.0,0.76,7.13,0.0,65.6,61.9,63.9,0.0,53.3,65.6,360,360,1.12,3.0,1.0,0,1,360,0,1,-25200,0,76,360,0,76,1,1788482940,0,0,0,0,0,713,0,1788620460,0,360,0,0,0,0,,0,0,181.102,360,0.62,19,19.304,0.68,0,0,0,0,0,1790920814,0
26631,2026-10-02T06:15:14,47.5,63.2,53.5,0,0.0,0.0,0.76,0.0,0.76,7.13,0.0,64.8,61.2,63.2,0.0,52.8,64.8,360,360,1.56,3.0,2.0,0,3,360,0,1,-25200,0,76,360,0,76,1,1788482940,0,0,0,0,0,713,0,1788620460,0,360,0,0,0,0,,0,0,181.102,360,1.62,19,19.304,1.81,0,0,0,0,0,1790921714,0
26632,2026-10-02T06:30:14,47.7,63.8,52.6,0,0.0,0.0,0.76,0.0,0.76,7.13,0.0,65.5,61.8,63.8,0.0,53.1,65.5,360,360,1.62,3.0,1.0,0,3,360,0,1,-25200,0,76,360,0,76,1,1788482940,0,0,0,0,0,713,0,1788620460,0,360,0,0,0,0,,0,0,181.102,360,1.81,19,19.304,1.68,0,0,0,0,0,1790922614,0
26633,2026-10-02T06:45:14,47.6,62.8,54.6,0,0.0,0.0,0.76,0.0,0.76,7.13,0.0,64.3,60.8,62.8,0.0,52.8,64.3,360,360,1.31,3.0,1.0,0,3,360,0,1,-25200,0,76,360,0,76,1,1788482940,0,0,0,0,0,713,0,1788620460,0,360,0,0,0,0,,0,0,181.102,360,1.43,19,19.304,1.62,0,0,0,0,0,1790923514,0
26634,2026-10-02T07:00:14,47.5,62.3,55.6,0,0.0,0.0,0.76,0.0,0.76,7.13,0.0,63.7,60.3,62.3,0.0,52.6,63.7,360,360,1.81,3.0,1.0,0,3,360,0,1,-25200,0,76,360,0,76,1,1788482940,0,0,0,0,0,713,0,1788620460,0,360,0,0,0,0,,0,0,181.102,360,1.5,19,19.304,1.31,0,0,0,0,0,1790924414,0
26635,2026-10-02T07:15:14,48.1,61.9,58.0,0,0.0,0.0,0.76,0.0,0.76,7.13,0.0,63.1,59.9,61.9,0.0,52.9,63.1,360,360,1.56,3.0,2.0,0,3,360,0,1,-25200,0,76,360,0,76,1,1788482940,0,0,0,0,0,713,0,1788620460,0,360,0,0,0,0,,0,0,181.102,360,1.68,19,19.304,1.68,0,0,0,0,0,1790925314,0
26636,2026-10-02T07:30:14,47.5,61.8,56.7,0,0.0,0.0,0.76,0.0,0.76,7.13,0.0,63.1,59.8,61.8,0.0,52.5,63.1,360,,1.25,3.0,1.0,0,3,360,0,1,-25200,0,76,360,0,76,1,1788482940,0,0,0,0,0,713,0,1788620460,0,360,0,0,0,0,,0,0,181.102,360,1.75,19,19.304,1.43,0,0,0,0,0,1790926214,0
26637,2026-10-02T07:45:14,47.2,61.6,56.6,0,0.0,0.0,0.76,0.0,0.76,7.13,0.0,62.9,59.6,61.6,0.0,52.2,62.9,360,360,1.0,2.0,1.0,0,2,360,0,1,-25200,0,76,360,0,76,1,1788482940,0,0,0,0,0,713,0,1788620460,0,360,0,0,0,0,,0,0,181.102,360,0.87,19,19.304,0.93,0,0,0,0,0,1790927114,0
26638,2026-10-02T08:00:14,47.0,61.0,57.2,0,0.0,0.0,0.76,0.0,0.76,7.13,0.0,62.3,59.0,61.0,0.0,52.0,62.3,360,360,1.31,3.0,1.0,0,2,360,0,1,-25200,0,76,360,0,76,1,1788482940,0,0,0,0,0,713,0,1788620460,0,360,0,0,0,0,,0,0,181.102,360,1.12,19,19.304,1.12,0,0,0,0,0,1790928014,0
26639,2026-10-02T08:15:14,46.5,60.9,56.3,0,0.0,0.0,0.76,0.0,0.76,7.13,0.0,62.3,58.9,60.9,0.0,51.6,62.3,360,360,1.31,3.0,1.0,0,2,360,0,1,-25200,0,76,360,0,76,1,1788482940,0,0,0,0,0,713,0,1788620460,0,360,0,0,0,0,,0,0,181.102,360,1.06,19,19.304,1.06,0,0,0,0,0,1790928914,0
26640,2026-10-02T08:30:14,46.3,61.0,55.7,0,0.0,0.0,0.76,0.0,0.76,7.13,0.0,62.4,59.0,61.0,0.0,51.5,62.4,360,360,1.31,3.0,2.0,0,2,360,0,1,-25200,0,76,360,0,76,1,1788482940,0,0,0,0,0,713,0,1788620460,0,360,0,0,0,0,,0,0,181.102,360,1.18,19,19.304,1.18,0,0,0,0,0,1790929814,0
26641,2026-10-02T08:45:14,46.1,60.1,57.1,0,0.0,0.0,0.76,0.0,0.76,7.13,0.0,61.4,58.1,60.1,0.0,51.2,61.4,0,360,1.37,3.0,0.0,0,2,360,0,1,-25200,0,76,360,0,76,1,1788482940,0,0,0,0,0,713,0,1788620460,0,360,0,0,0,0,,0,0,181.102,360,1.31,19,19.304,1.12,0,0,0,0,0,1790930714,0
26642,2026-10-02T09:00:14,45.8,60.5,55.6,0,0.0,0.0,0.76,0.0,0.76,7.13,0.0,61.9,58.5,60.5,0.0,51.1,61.9,360,360,1.25,3.0,1.0,0,2,360,0,1,-25200,0,76,360,0,76,1,1788482940,0,0,0,0,0,713,0,1788620460,0,360,0,0,0,0,,0,0,181.102,360,1.12,19,19.304,1.18,0,0,0,0,0,1790931614,0
26643,2026-10-02T09:15:14,45.9,60.4,56.0,0,0.0,0.0,0.76,0.0,0.76,7.13,0.0,61.8,58.4,60.4,0.0,51.1,61.8,360,360,1.43,3.0,2.0,0,3,360,0,1,-25200,0,76,360,0,76,1,1788482940,0,0,0,0,0,713,0,1788620460,0,360,0,0,0,0,,0,0,181.102,360,1.75,19,19.304,1.81,0,0,0,0,0,1790932514,0
26644,2026-10-02T09:30:14,45.0,59.4,56.0,0,0.0,0.0,0.76,0.0,0.76,7.13,0.0,60.8,57.4,59.4,0.0,50.3,60.8,360,360,1.06,2.0,2.0,0,2,360,0,1,-25200,0,76,360,0,76,1,1788482940,0,0,0,0,0,713,0,1788620460,0,360,0,0,0,0,,0,0,181.102,360,1.25,19,19.304,1.25,0,0,0,0,0,1790933414,0
26645,2026-10-02T09:45:14,44.9,59.1,56.3,0,0.0,0.0,0.76,0.0,0.76,7.13,0.0,60.5,57.1,59.1,0.0,50.2,60.5,360,360,1.62,3.0,1.0,0,3,360,0,1,-25200,0,76,360,0,76,1,1788482940,0,0,0,0,0,713,0,1788620460,0,360,0,0,0,0,,0,0,181.102,360,1.62,19,19.304,1.5,0,0,0,0,0,1790934314,0
26646,2026-10-02T10:00:14,44.5,58.7,56.4,0,0.0,0.0,0.76,0.0,0.76,7.13,0.0,60.1,56.7,58.7,0.0,49.8,60.1,360,360,1.31,3.0,1.0,0,2,360,0,1,-25200,0,76,360,0,76,1,1788482940,0,0,0,0,0,713,0,1788620460,0,360,0,0,0,0,,0,0,181.102,360,0.87,19,19.304,0.75,0,0,0,0,0,1790935214,0
26647,2026-10-02T10:15:14,44.5,59.2,55.1,0,0.0,0.0,0.76,0.0,0.76,7.13,0.0,60.7,57.2,59.2,0.0,49.9,60.7,0,360,1.31,2.0,0.0,0,2,360,0,1,-25200,0,76,360,0,76,1,1788482940,0,0,0,0,0,713,0,1788620460,0,360,0,0,0,0,,0,0,181.102,360,1.12,19,19.304,1.06,0,0,0,0,0,1790936114,0
26648,2026-10-02T10:30:14,44.5,59.1,55.5,0,0.0,0.0,0.76,0.0,0.76,7.13,0.0,60.5,57.1,59.1,0.0,49.9,60.5,360,360,1.56,3.0,2.0,0,3,360,0,1,-25200,0,76,360,0,76,1,1788482940,0,0,0,0,0,713,0,1788620460,0,360,0,0,0,0,,0,0,181.102,360,1.81,19,19.304,1.75,0,0,0,0,0,1790937014,0
26649,2026-10-02T10:45:14,44.1,58.8,55.1,0,0.0,0.0,0.76,0.0,0.76,7.13,0.0,60.3,56.8,58.8,0.0,49.6,60.3,360,360,1.25,2.0,2.0,0,2,360,0,1,-25200,0,76,360,0,76,1,1788482940,0,0,0,0,0,713,0,1788620460,0,360,0,0,0,0,,0,0,181.102,360,1.37,19,19.304,1.25,0,0,0,0,0,1790937914,0
26650,2026-10-02T11:00:14,43.8,58.1,56.1,0,0.0,0.0,0.76,0.0,0.76,7.13,0.0,59.5,56.1,58.1,0.0,49.2,59.5,360,360,1.62,3.0,2.0,0,3,360,0,1,-25200,0,76,360,0,76,1,1788482940,0,0,0,0,0,713,0,1788620460,0,360,0,0,0,0,,0,0,181.102,360,1.62,19,19.304,1.75,0,0,0,0,0,1790938814,0
26651,2026-10-02T11:15:14,43.6,58.0,55.9,0,0.0,0.0,0.76,0.0,0.76,7.13,0.0,59.4,56.0,58.0,0.0,49.0,59.4,360,360,1.43,3.0,2.0,0,3,360,0,1,-25200,0,76,360,0,76,1,1788482940,0,0,0,0,0,713,0,1788620460,0,360,0,0,0,0,,0,0,181.102,360,1.5,19,19.304,1.56,0,0,0,0,0,1790939714,0
26652,2026-10-02T11:30:14,43.5,58.1,55.2,0,0.0,0.0,0.76,0.0,0.76,7.13,0.0,59.6,56.1,58.1,0.0,49.0,59.6,360,360,1.56,3.0,1.0,0,2,360,0,1,-25200,0,76,360,0,76,1,1788482940,0,0,0,0,0,713,0,1788620460,0,360,0,0,0,0,,0,0,181.102,360,1.31,19,19.304,1.37,0,0,0,0,0,1790940614,0
26653,2026-10-02T11:45:14,43.4,58.4,54.5,0,0.0,0.0,0.76,0.0,0.76,7.13,0.0,59.9,56.4,58.4,0.0,49.0,59.9,360,360,1.25,3.0,1.0,0,3,360,0,1,-25200,0,76,360,0,76,1,1788482940,0,0,0,0,0,713,0,1788620460,0,360,0,0,0,0,,0,0,181.102,360,1.12,19,19.304,1.12,0,0,0,0,0,1790941514,0
26654,2026-10-02T12:00:14,43.3,57.5,56.1,0,0.0,0.0,0.76,0.0,0.76,7.13,0.0,58.9,55.5,57.5,0.0,48.7,58.9,0,360,1.37,3.0,0.0,0,3,360,0,1,-25200,0,76,360,0,76,1,1788482940,0,0,0,0,0,713,0,1788620460,0,360,0,0,0,0,,0,0,181.102,360,1.43,19,19.304,1.5,0,0,0,0,0,1790942414,0
26655,2026-10-02T12:15:14,43.1,57.2,56.4,0,0.0,0.0,0.76,0.0,0.76,7.13,0.0,58.6,55.2,57.2,0.0,48.5,58.6,360,360,1.62,3.0,1.0,0,2,360,0,1,-25200,0,76,360,0,76,1,1788482940,0,0,0,0,0,713,0,1788620460,0,360,0,0,0,0,,0,0,181.102,360,1.06,19,19.304,0.93,0,0,0,0,0,1790943314,0
26656,2026-10-02T12:30:14,43.1,57.2,56.4,0,0.0,0.0,0.76,0.0,0.76,7.13,0.0,58.6,55.2,57.2,0.0,48.5,58.6,360,360,1.5,3.0,2.0,0,2,360,0,1,-25200,0,76,360,0,76,1,1788482940,0,0,0,0,0,713,0,1788620460,0,360,0,0,0,0,,0,0,181.102,360,1.06,19,19.304,1.0,0,0,0,0,0,1790944214,0
26657,2026-10-02T12:45:14,43.2,57.3,56.6,0,0.0,0.0,0.76,0.0,0.76,7.13,0.0,58.6,55.3,57.3,0.0,48.6,58.6,360,360,1.25,3.0,1.0,0,2,360,0,1,-25200,0,76,360,0,76,1,1788482940,0,0,0,0,0,713,0,1788620460,0,360,0,0,0,0,,0,0,181.102,360,1.18,19,19.304,1.18,0,0,0,0,0,1790945114,0
26658,2026-10-02T13:00:14,43.4,57.1,57.5,0,0.0,0.0,0.76,0.0,0.76,7.13,0.0,58.3,55.1,57.1,0.0,48.6,58.3,0,0,0.0,0.0,0.0,0,0,0,0,1,-25200,0,76,0,0,76,1,1788482940,0,0,0,0,0,713,0,1788620460,0,0,0,0,0,0,,0,0,181.102,0,0.0,19,19.304,0.0,0,0,0,0,0,1790946014,0
26659,2026-10-02T13:15:14,43.1,57.6,55.6,0,0.0,0.0,0.76,0.0,0.76,7.13,0.0,59.0,55.6,57.6,0.0,48.6,59.0,360,360,1.56,3.0,1.0,0,3,360,0,1,-25200,0,76,360,0,76,1,1788482940,0,0,0,0,0,713,0,1788620460,0,360,0,0,0,0,,0,0,181.102,360,1.37,19,19.304,1.25,0,0,0,0,0,1790946914,0
26660,2026-10-02T13:30:15,42.8,57.2,55.8,0,0.0,0.0,0.76,0.0,0.76,7.13,0.0,58.6,55.2,57.2,0.0,48.3,58.6,360,360,1.25,3.0,2.0,0,2,360,0,1,-25200,0,76,360,0,76,1,1788482940,0,0,0,0,0,713,0,1788620460,0,360,0,0,0,0,,0,0,181.102,360,1.31,19,19.304,1.25,0,0,0,0,0,1790947815,0
26661,2026-10-02T13:45:15,43.2,57.7,55.6,0,0.0,0.0,0.76,0.0,0.76,7.13,0.0,59.1,55.7,57.7,0.0,48.7,59.1,360,360,1.5,3.0,2.0,0,3,360,0,1,-25200,0,76,360,0,76,1,1788482940,0,0,0,0,0,713,0,1788620460,0,360,0,0,0,0,,0,0,181.102,360,1.56,19,19.304,1.56,0,0,0,0,0,1790948715,0
26662,2026-10-02T14:00:15,43.5,58.1,55.5,0,0.0,0.0,0.76,0.0,0.76,7.13,0.0,59.5,56.1,58.1,0.0,49.0,59.5,360,360,0.93,2.0,2.0,0,2,360,0,1,-25200,0,76,360,0,76,1,1788482940,0,0,0,0,0,713,0,1788620460,0,360,0,0,0,0,,0,0,181.102,360,0.87,19,19.304,1.06,0,0,0,0,0,1790949615,0
26663,2026-10-02T14:15:15,42.8,56.6,57.0,0,0.0,0.0,0.76,0.0,0.76,7.13,7.0,57.9,54.6,56.6,0.0,48.2,57.9,360,360,1.5,3.0,2.0,0,2,360,0,1,-25200,0,76,360,0,76,1,1788482940,0,0,0,0,0,713,0,1788620460,0,360,0,0,0,0,,0,0,181.102,360,1.25,19,19.304,1.12,0,0,0,0,0,1790950515,0
26664,2026-10-02T14:30:15,43.1,58.0,54.5,0,0.0,0.0,0.76,0.0,0.76,7.13,16.0,59.5,56.0,58.0,0.0,48.7,59.5,0,360,1.06,3.0,0.0,0,2,360,0,1,-25200,0,76,360,0,76,1,1788482940,0,0,0,0,0,713,0,1788620460,0,360,0,0,0,0,,0,0,181.102,360,1.31,19,19.304,1.31,0,0,0,0,0,1790951415,0
26665,2026-10-02T14:45:15,43.1,58.4,53.6,0,0.0,0.0,0.76,0.0,0.76,7.13,26.0,60.0,56.4,58.4,0.0,48.9,60.0,360,360,1.0,2.0,2.0,0,2,360,0,1,-25200,0,76,360,0,76,1,1788482940,0,0,0,0,0,713,0,1788620460,0,360,0,0,0,0,,0,0,181.102,360,1.18,19,19.304,1.43,0,0,0,0,0,1790952315,0
26666,2026-10-02T15:00:15,45.1,59.5,56.1,0,0.0,0.0,0.76,0.0,0.76,7.13,37.0,60.9,57.5,59.5,0.0,50.4,60.9,0,360,0.81,2.0,0.0,0,2,360,0,1,-25200,0,76,360,0,76,1,1788482940,0,0,0,0,0,713,0,1788620460,0,360,0,0,0,0,,0,0,181.102,360,0.93,19,19.304,0.87,0,0,0,0,0,1790953215,0
26667,2026-10-02T15:15:15,44.9,60.5,53.1,0,0.0,0.0,0.76,0.0,0.76,7.13,58.0,62.2,59.3,60.5,0.0,50.5,62.2,360,360,0.56,3.0,1.0,0,3,360,0,1,-25200,0,76,360,0,76,1,1788482940,0,0,0,0,0,713,0,1788620460,0,360,0,0,0,0,,0,0,181.102,360,0.5,19,19.304,0.31,0,0,0,0,0,1790954115,0
26668,2026-10-02T15:30:14,44.1,62.1,47.9,0,0.0,0.0,0.76,0.0,0.76,7.13,83.0,64.3,61.2,62.1,0.0,50.4,64.3,360,,0.37,2.0,2.0,0,2,360,0,1,-25200,0,76,360,0,76,1,1788482940,0,0,0,0,0,713,0,1788620460,0,360,0,0,0,0,,0,0,181.102,360,0.43,19,19.304,0.5,0,0,0,0,0,1790955014,0
26669,2026-10-02T15:45:14,44.9,64.1,46.3,0,0.0,0.0,0.76,0.0,0.76,7.13,53.0,66.1,63.1,64.1,0.0,51.3,66.1,360,360,0.56,4.0,1.0,0,1,360,0,1,-25200,0,76,360,0,76,1,1788482940,0,0,0,0,0,713,0,1788620460,0,360,0,0,0,0,,0,0,181.102,360,0.25,19,19.304,0.18,0,0,0,0,0,1790955914,0
26670,2026-10-02T16:00:14,44.7,65.7,44.0,0,0.0,0.0,0.76,0.0,0.76,7.13,142.0,67.4,65.6,65.7,0.0,51.3,67.4,360,360,0.37,2.0,1.0,0,2,360,0,1,-25200,0,76,360,0,76,1,1788482940,0,0,0,0,0,713,0,1788620460,0,360,0,0,0,0,,0,0,181.102,360,0.37,19,19.304,0.56,0,0,0,0,0,1790956814,0
26671,2026-10-02T16:15:14,44.6,66.7,42.1,0,0.0,0.0,0.76,0.0,0.76,7.13,47.0,68.5,65.3,66.7,0.0,51.4,68.5,360,360,0.37,3.0,1.0,0,3,360,0,1,-25200,0,76,360,0,76,1,1788482940,0,0,0,0,0,713,0,1788620460,0,360,0,0,0,0,,0,0,181.102,360,1.0,19,19.304,1.12,0,0,0,0,0,1790957714,0
26672,2026-10-02T16:30:14,45.5,68.2,41.1,0,0.0,0.0,0.76,0.0,0.76,7.13,83.0,70.2,67.1,68.2,0.8,52.3,70.2,0,360,1.25,4.0,0.0,0,2,360,0,1,-25200,0,76,360,0,76,1,1788482940,0,0,0,0,0,713,0,1788620460,0,360,0,0,0,0,,0,0,181.102,360,0.31,19,19.304,0.43,0,0,0,0,0,1790958614,0
26673,2026-10-02T16:45:14,45.5,69.6,39.2,0,0.0,0.0,0.76,0.0,0.76,7.13,46.0,71.7,68.8,69.6,0.0,52.5,71.7,0,360,1.43,4.0,0.0,0,4,360,0,1,-25200,0,76,360,0,76,1,1788482940,0,0,0,0,0,713,0,1788620460,0,360,0,0,0,0,,0,0,181.102,360,1.87,19,19.304,1.87,0,0,0,0,0,1790959514,0
26674,2026-10-02T17:00:14,46.1,71.6,38.1,0,0.0,0.0,0.76,0.0,0.76,7.13,44.0,73.2,70.2,71.6,0.0,53.1,73.2,360,360,1.25,4.0,2.0,0,3,360,0,1,-25200,0,76,360,0,76,1,1788482940,0,0,0,0,0,713,0,1788620460,0,360,0,0,0,0,,0,0,181.102,360,1.68,19,19.304,1.5,0,0,0,0,0,1790960414,0
26675,2026-10-02T17:15:14,46.7,73.7,36.6,0,0.0,0.0,0.76,0.0,0.76,7.13,88.0,75.0,73.1,73.7,1.1,53.8,75.0,360,360,1.43,4.0,2.0,0,4,360,0,1,-25200,0,76,360,0,76,1,1788482940,0,0,0,0,0,713,0,1788620460,0,360,0,0,0,0,,0,0,181.102,360,2.25,19,19.304,2.18,0,0,0,0,0,1790961314,0
26676,2026-10-02T17:30:14,47.8,75.9,35.3,0,0.0,0.0,0.76,0.0,0.76,7.13,49.0,77.4,74.8,75.9,0.0,54.8,77.4,360,360,1.75,4.0,2.0,0,4,360,0,1,-25200,0,76,360,0,76,1,1788482940,0,0,0,0,0,713,0,1788620460,0,360,0,0,0,0,,0,0,181.102,360,1.87,19,19.304,1.75,0,0,0,0,0,1790962214,0
26677,2026-10-02T17:45:14,48.9,77.1,35.3,0,0.0,0.0,0.76,0.0,0.76,7.13,51.0,78.6,75.8,77.1,0.0,55.8,78.6,0,360,1.5,4.0,0.0,0,3,360,0,1,-25200,0,76,360,0,76,1,1788482940,0,0,0,0,0,713,0,1788620460,0,360,0,0,0,0,,0,0,181.102,360,1.43,19,19.304,1.68,0,0,0,0,0,1790963114,0
26678,2026-10-02T18:00:14,49.3,78.7,33.9,0,0.0,0.0,0.76,0.0,0.76,7.13,51.0,80.3,77.3,78.7,0.0,56.2,80.3,360,360,1.81,4.0,2.0,0,4,360,0,1,-25200,0,76,360,0,76,1,1788482940,0,0,0,0,0,713,0,1788620460,0,360,0,0,0,0,,0,0,181.102,360,2.31,19,19.304,2.31,0,0,0,0,0,1790964014,0
26679,2026-10-02T18:15:14,47.4,80.2,29.7,0,0.0,0.0,0.76,0.0,0.76,7.13,93.0,82.2,79.4,80.2,1.6,54.9,82.2,360,360,1.5,4.0,3.0,0,2,360,0,1,-25200,0,76,360,0,76,1,1788482940,0,0,0,0,0,713,0,1788620460,0,360,0,0,0,0,,0,0,181.102,360,1.31,19,19.304,1.12,0,0,0,0,0,1790964914,0
26680,2026-10-02T18:30:14,47.4,81.9,27.9,0,0.0,0.0,0.76,0.0,0.76,7.13,148.0,84.1,82.7,81.9,1.9,55.0,84.1,360,360,1.31,4.0,1.0,0,3,360,0,1,-25200,0,76,360,0,76,1,1788482940,0,0,0,0,0,713,0,1788620460,0,360,0,0,0,0,,0,0,181.102,360,1.12,19,19.304,1.06,0,0,0,0,0,1790965814,0
26681,2026-10-02T18:45:15,47.8,83.9,26.5,0,0.0,0.0,0.76,0.0,0.76,7.13,146.0,86.2,86.7,83.9,1.7,55.4,86.2,360,360,2.37,5.0,1.0,0,4,360,0,1,-25200,0,76,360,0,76,1,1788482940,0,0,0,0,0,713,0,1788620460,0,360,0,0,0,0,,0,0,181.102,360,2.5,19,19.304,2.18,0,0,0,0,0,1790966715,0
26682,2026-10-02T19:00:15,50.6,84.0,29.6,0,0.0,0.0,0.76,0.0,0.76,7.13,116.0,86.0,84.9,84.0,2.0,57.6,86.0,360,360,2.87,6.0,2.0,0,6,360,0,1,-25200,0,76,360,0,76,1,1788482940,0,0,0,0,0,713,0,1788620460,0,360,0,0,0,0,,0,0,181.102,360,3.5,19,19.304,3.62,0,0,0,0,0,1790967615,0
26683,2026-10-02T19:15:15,48.4,85.0,26.1,0,0.0,0.0,0.76,0.0,0.76,7.13,98.0,87.4,86.8,85.0,2.0,55.9,87.4,360,360,3.0,6.0,1.0,0,5,360,0,1,-25200,0,76,360,0,76,1,1788482940,0,0,0,0,0,713,0,1788620460,0,360,0,0,0,0,,0,0,181.102,360,2.43,19,19.304,2.25,0,0,0,0,0,1790968515,0
26684,2026-10-02T19:30:15,50.0,86.2,26.7,0,0.0,0.0,0.76,0.0,0.76,7.13,714.0,88.5,96.8,86.2,4.1,57.2,88.5,360,360,3.12,8.0,5.0,0,8,360,0,1,-25200,0,76,360,0,76,1,1788482940,0,0,0,0,0,713,0,1788620460,0,360,0,0,0,0,,0,0,181.102,360,4.37,19,19.304,4.62,0,0,0,0,0,1790969415,0
26685,2026-10-02T19:45:15,48.6,87.1,24.5,0,0.0,0.0,0.76,0.0,0.76,7.13,717.0,89.6,97.3,87.1,4.1,56.1,89.6,360,360,3.37,8.0,3.0,0,5,360,0,1,-25200,0,76,360,0,76,1,1788482940,0,0,0,0,0,713,0,1788620460,0,360,0,0,0,0,,0,0,181.102,360,3.06,19,19.304,3.0,0,0,0,0,0,1790970315,0
26686,2026-10-02T20:00:15,49.3,87.5,24.9,0,0.0,0.0,0.76,0.0,0.76,7.13,724.0,90.0,97.7,87.5,4.2,56.7,90.0,360,360,2.56,9.0,2.0,0,9,360,0,1,-25200,0,76,360,0,76,1,1788482940,0,0,0,0,0,713,0,1788620460,0,360,0,0,0,0,,0,0,181.102,360,3.43,19,19.304,3.5,0,0,0,0,0,1790971215,0
26687,2026-10-02T20:15:15,49.1,88.5,24.0,0,0.0,0.0,0.76,0.0,0.76,7.13,735.0,90.9,99.1,88.5,4.1,56.6,90.9,360,349,3.81,8.0,8.0,0,8,360,0,1,-25200,0,76,360,0,76,1,1788482940,0,0,0,0,0,713,0,1788620460,0,360,0,0,0,0,,0,0,181.102,360,3.81,19,19.304,4.25,0,0,0,0,0,1790972115,0
26688,2026-10-02T20:30:15,49.7,88.4,24.6,0,0.0,0.0,0.76,0.0,0.76,7.13,744.0,90.8,98.7,88.4,4.1,57.1,90.8,360,360,4.56,11.0,3.0,0,9,360,0,1,-25200,0,76,360,0,76,1,1788482940,0,0,0,0,0,713,0,1788620460,0,360,0,0,0,0,,0,0,181.102,360,3.18,19,19.304,3.12,0,0,0,0,0,1790973015,0
26689,2026-10-02T20:45:15,48.7,87.9,24.0,0,0.0,0.0,0.76,0.0,0.76,7.13,550.0,90.4,98.4,87.9,3.1,56.2,90.4,360,359,5.0,12.0,3.0,0,10,360,0,1,-25200,0,76,360,0,76,1,1788482940,0,0,0,0,0,713,0,1788620460,0,360,0,0,0,0,,0,0,181.102,360,4.75,19,19.304,5.5,0,0,0,0,0,1790973915,0
26690,2026-10-02T21:00:15,51.3,88.0,26.5,0,0.0,0.0,0.76,0.0,0.76,7.13,557.0,90.3,96.1,88.0,3.5,58.4,90.3,360,360,4.31,11.0,5.0,0,11,360,0,1,-25200,0,76,360,0,76,1,1788482940,0,0,0,0,0,713,0,1788620460,0,359,0,0,0,0,,0,0,181.102,358,5.06,19,19.304,4.31,0,0,0,0,0,1790974815,0
26691,2026-10-02T21:15:15,49.5,87.9,24.8,0,0.0,0.0,0.76,0.0,0.76,7.13,548.0,90.3,95.6,87.9,3.2,56.9,90.3,360,357,3.68,8.0,2.0,0,5,202,0,1,-25200,0,76,360,0,76,1,1788482940,0,0,0,0,0,713,0,1788620460,0,360,0,0,0,0,,0,0,181.102,360,2.87,19,19.304,2.75,0,0,0,0,0,1790975715,0
26692,2026-10-02T21:30:15,50.8,89.7,24.8,0,0.0,0.0,0.76,0.0,0.76,7.13,701.0,91.8,101.3,89.7,3.4,58.0,91.8,360,360,3.06,6.0,1.0,0,6,360,0,1,-25200,0,76,360,0,76,1,1788482940,0,0,0,0,0,713,0,1788620460,0,359,0,0,0,0,,0,0,181.102,358,3.31,19,19.304,3.25,0,0,0,0,0,1790976615,0
26693,2026-10-02T21:45:14,49.2,90.0,23.0,0,0.0,0.0,0.76,0.0,0.76,7.13,638.0,92.4,101.9,90.0,2.9,56.7,92.4,149,307,3.62,10.0,2.0,0,9,360,0,1,-25200,0,76,141,0,76,1,1788482940,0,0,0,0,0,713,0,1788620460,0,188,0,0,0,0,,0,0,181.102,152,3.56,19,19.304,4.0,0,0,0,0,0,1790977514,0
26694,2026-10-02T22:00:14,48.4,89.1,22.9,0,0.0,0.0,0.76,0.0,0.76,7.13,482.0,91.6,95.5,89.1,2.3,56.0,91.6,360,360,3.68,9.0,6.0,0,9,360,0,1,-25200,0,76,360,0,76,1,1788482940,0,0,0,0,0,713,0,1788620460,0,360,0,0,0,0,,0,0,181.102,360,4.43,19,19.304,4.06,0,0,0,0,0,1790978414,0
26695,2026-10-02T22:15:14,47.1,87.8,22.5,0,0.0,0.0,0.76,0.0,0.76,7.13,380.0,90.5,92.4,87.8,1.9,54.9,90.5,360,360,2.06,5.0,2.0,0,5,360,0,1,-25200,0,76,360,0,76,1,1788482940,0,0,0,0,0,713,0,1788620460,0,360,0,0,0,0,,0,0,181.102,360,2.68,19,19.304,3.12,0,0,0,0,0,1790979314,0
26696,2026-10-02T22:30:14,48.2,88.8,22.9,0,0.0,0.0,0.76,0.0,0.76,7.13,564.0,91.3,98.6,88.8,2.0,55.9,91.3,360,360,2.5,6.0,4.0,0,5,360,0,1,-25200,0,76,360,0,76,1,1788482940,0,0,0,0,0,713,0,1788620460,0,360,0,0,0,0,,0,0,181.102,360,3.5,19,19.304,3.06,0,0,0,0,0,1790980214,0
26697,2026-10-02T22:45:14,47.3,88.9,21.9,0,0.0,0.0,0.76,0.0,0.76,7.13,385.0,91.6,98.6,88.9,1.6,55.1,91.6,360,359,3.12,6.0,2.0,0,6,360,0,1,-25200,0,76,360,0,76,1,1788482940,0,0,0,0,0,713,0,1788620460,0,359,0,0,0,0,,0,0,181.102,360,2.75,19,19.304,2.5,0,0,0,0,0,1790981114,0
26698,2026-10-02T23:00:14,48.0,87.8,23.4,0,0.0,0.0,0.76,0.0,0.76,7.13,323.0,90.4,92.0,87.8,1.3,55.7,90.4,360,359,3.31,8.0,2.0,0,8,360,0,1,-25200,0,76,360,0,76,1,1788482940,0,0,0,0,0,713,0,1788620460,0,354,0,0,0,0,,0,0,181.102,360,3.56,19,19.304,3.43,0,0,0,0,0,1790982014,0
26699,2026-10-02T23:15:14,48.7,87.3,24.5,0,0.0,0.0,0.76,0.0,0.76,7.13,285.0,89.8,95.9,87.3,1.0,56.2,89.8,360,360,4.56,10.0,4.0,0,8,360,0,1,-25200,0,76,360,0,76,1,1788482940,0,0,0,0,0,713,0,1788620460,0,360,0,0,0,0,,0,0,181.102,360,4.62,19,19.304,4.62,0,0,0,0,0,1790982914,0
26700,2026-10-02T23:30:14,49.6,87.5,25.1,0,0.0,0.0,0.76,0.0,0.76,7.13,522.0,90.0,98.9,87.5,1.1,57.0,90.0,360,360,4.75,11.0,3.0,0,9,360,0,1,-25200,0,76,360,0,76,1,1788482940,0,0,0,0,0,713,0,1788620460,0,360,0,0,0,0,,0,0,181.102,360,4.68,19,19.304,4.68,0,0,0,0,0,1790983814,0
26701,2026-10-02T23:45:14,49.5,87.7,24.9,0,0.0,0.0,0.76,0.0,0.76,7.13,246.0,90.2,95.3,87.7,0.7,56.9,90.2,360,360,2.93,9.0,4.0,0,6,360,0,1,-25200,0,76,360,0,76,1,1788482940,0,0,0,0,0,713,0,1788620460,0,360,0,0,0,0,,0,0,181.102,360,2.56,19,19.304,2.25,0,0,0,0,0,1790984714,0
26702,2026-10-03T00:00:14,51.4,87.5,27.0,0,0.0,0.0,0.76,0.0,0.76,7.13,206.0,89.8,94.4,87.5,0.0,58.4,89.8,360,360,3.43,9.0,5.0,0,5,360,0,1,-25200,0,76,360,0,76,1,1788482940,0,0,0,0,0,713,0,1788620460,0,360,0,0,0,0,,0,0,181.102,360,2.12,19,19.304,2.18,0,0,0,0,0,1790985614,0
26703,2026-10-03T00:15:14,50.3,86.3,27.0,0,0.0,0.0,0.76,0.0,0.76,7.13,123.0,88.6,86.8,86.3,0.0,57.5,88.6,360,360,2.25,5.0,4.0,0,4,360,0,1,-25200,0,76,360,0,76,1,1788482940,0,0,0,0,0,713,0,1788620460,0,360,0,0,0,0,,0,0,181.102,360,1.93,19,19.304,1.93,0,0,0,0,0,1790986514,0
26704,2026-10-03T00:30:14,50.4,85.5,27.8,0,0.0,0.0,0.76,0.0,0.76,7.13,156.0,87.7,89.1,85.5,0.0,57.5,87.7,360,360,1.87,5.0,2.0,0,2,360,0,1,-25200,0,76,360,0,76,1,1788482940,0,0,0,0,0,713,0,1788620460,0,360,0,0,0,0,,0,0,181.102,360,0.87,19,19.304,0.56,0,0,0,0,0,1790987414,0
26705,2026-10-03T00:45:14,50.7,85.3,28.3,0,0.0,0.0,0.76,0.0,0.76,7.13,63.0,87.5,84.0,85.3,0.0,57.8,87.5,0,360,0.93,4.0,0.0,0,2,360,0,1,-25200,0,76,360,0,76,1,1788482940,0,0,0,0,0,713,0,1788620460,0,360,0,0,0,0,,0,0,181.102,360,0.62,19,19.304,0.31,0,0,0,0,0,1790988314,0
26706,2026-10-03T01:00:14,50.9,84.2,29.7,0,0.0,0.0,0.76,0.0,0.76,7.13,37.0,86.2,82.2,84.2,0.0,57.9,86.2,360,360,0.18,1.0,1.0,0,1,360,0,1,-25200,0,76,360,0,76,1,1788482940,0,0,0,0,0,713,0,1788620460,0,360,0,0,0,0,,0,0,181.102,360,0.43,19,19.304,0.68,0,0,0,0,0,1790989214,0
26707,2026-10-03T01:15:14,52.3,82.3,33.7,0,0.0,0.0,0.76,0.0,0.76,7.13,23.0,83.9,80.3,82.3,0.0,58.8,83.9,0,360,0.37,2.0,0.0,0,,360,0,1,-25200,0,76,,0,76,1,1788482940,0,0,0,0,0,713,0,1788620460,0,0,0,0,0,0,,0,0,181.102,0,0.0,19,19.304,0.0,0,0,0,0,0,1790990114,0
26708,2026-10-03T01:30:14,51.7,80.2,35.5,0,0.0,0.0,0.76,0.0,0.76,7.13,11.0,81.6,78.2,80.2,0.0,58.2,81.6,360,360,1.31,3.0,2.0,0,3,360,0,1,-25200,0,76,360,0,76,1,1788482940,0,0,0,0,0,713,0,1788620460,0,360,0,0,0,0,,0,0,181.102,360,1.62,19,19.304,1.81,0,0,0,0,0,1790991014,0
26709,2026-10-03T01:45:14,50.6,77.8,37.0,0,0.0,0.0,0.76,0.0,0.76,7.13,0.0,79.1,75.8,77.8,0.0,57.1,79.1,360,360,1.31,2.0,1.0,0,2,360,0,1,-25200,0,76,360,0,76,1,1788482940,0,0,0,0,0,713,0,1788620460,0,360,0,0,0,0,,0,0,181.102,360,1.06,19,19.304,1.0,0,0,0,0,0,1790991914,0
26710,2026-10-03T02:00:14,50.4,76.7,38.2,0,0.0,0.0,0.76,0.0,0.76,7.13,0.0,77.9,74.7,76.7,0.0,56.8,77.9,360,360,2.0,3.0,1.0,0,3,360,0,1,-25200,0,76,360,0,76,1,1788482940,0,0,0,0,0,713,0,1788620460,0,360,0,0,0,0,,0,0,181.102,360,1.56,19,19.304,1.5,0,0,0,0,0,1790992814,0
26711,2026-10-03T02:15:14,50.4,76.3,38.8,0,0.0,0.0,0.76,0.0,0.76,7.13,0.0,77.4,74.3,76.3,0.0,56.8,77.4,360,360,1.93,3.0,2.0,0,2,360,0,1,-25200,0,76,360,0,76,1,1788482940,0,0,0,0,0,713,0,1788620460,0,360,0,0,0,0,,0,0,181.102,360,1.5,19,19.304,1.62,0,0,0,0,0,1790993714,0
26712,2026-10-03T02:30:14,50.4,75.5,40.1,0,0.0,0.0,0.76,0.0,0.76,7.13,0.0,76.5,73.5,75.5,0.0,56.7,76.5,360,360,1.5,3.0,2.0,0,2,360,0,1,-25200,0,76,360,0,76,1,1788482940,0,0,0,0,0,713,0,1788620460,0,360,0,0,0,0,,0,0,181.102,360,0.75,19,19.304,0.75,0,0,0,0,0,1790994614,0
26713,2026-10-03T02:45:15,50.6,74.8,41.5,0,0.0,0.0,0.76,0.0,0.76,7.13,0.0,75.6,72.8,74.8,0.0,56.7,75.6,360,360,1.25,3.0,2.0,0,2,360,0,1,-25200,0,76,360,0,76,1,1788482940,0,0,0,0,0,713,0,1788620460,0,360,0,0,0,0,,0,0,181.102,360,0.56,19,19.304,0.81,0,0,0,0,0,1790995515,0
26714,2026-10-03T03:00:14,51.3,74.4,43.3,0,0.0,0.0,0.76,0.0,0.76,7.13,0.0,75.1,72.4,74.4,0.0,57.2,75.1,360,360,1.31,3.0,1.0,0,2,360,0,1,-25200,0,76,360,0,76,1,1788482940,0,0,0,0,0,713,0,1788620460,0,360,0,0,0,0,,0,0,181.102,360,1.56,19,19.304,1.5,0,0,0,0,0,1790996414,0
26715,2026-10-03T03:15:14,51.2,73.9,44.0,0,0.0,0.0,0.76,0.0,0.76,7.13,0.0,74.5,71.9,73.9,0.0,57.1,74.5,360,360,0.93,2.0,2.0,0,2,360,0,1,-25200,0,76,360,0,76,1,1788482940,0,0,0,0,0,713,0,1788620460,0,360,0,0,0,0,,0,0,181.102,360,1.18,19,19.304,1.25,0,0,0,0,0,1790997314,0
26716,2026-10-03T03:30:15,50.8,73.6,43.8,0,0.0,0.0,0.76,0.0,0.76,7.13,0.0,74.2,71.6,73.6,0.0,56.7,74.2,360,360,0.93,2.0,1.0,0,2,360,0,1,-25200,0,76,360,0,76,1,1788482940,0,0,0,0,0,713,0,1788620460,0,360,0,0,0,0,,0,0,181.102,360,0.81,19,19.304,0.81,0,0,0,0,0,1790998215,0
26717,2026-10-03T03:45:15,50.2,73.2,43.4,0,0.0,0.0,0.76,0.0,0.76,7.13,0.0,73.9,71.2,73.2,0.0,56.2,73.9,360,360,0.81,2.0,1.0,0,2,360,0,1,-25200,0,76,360,0,76,1,1788482940,0,0,0,0,0,713,0,1788620460,0,360,0,0,0,0,,0,0,181.102,360,1.06,19,19.304,1.0,0,0,0,0,0,1790999115,0
26718,2026-10-03T04:00:15,50.1,72.1,44.3,0,0.0,0.0,0.76,0.0,0.76,7.13,0.0,73.1,70.1,72.1,0.0,56.1,73.1,360,360,1.06,2.0,1.0,0,2,360,0,1,-25200,0,76,360,0,76,1,1788482940,0,0,0,0,0,713,0,1788620460,0,360,0,0,0,0,,0,0,181.102,360,1.25,19,19.304,1.12,0,0,0,0,0,1791000015,0
26719,2026-10-03T04:15:15,50.6,71.1,46.5,0,0.0,0.0,0.76,0.0,0.76,7.13,0.0,72.3,69.1,71.1,0.0,56.3,72.3,360,360,0.87,3.0,1.0,0,1,360,0,1,-25200,0,76,360,0,76,1,1788482940,0,0,0,0,0,713,0,1788620460,0,360,0,0,0,0,,0,0,181.102,360,0.0,19,19.304,0.0,0,0,0,0,0,1791000915,0
26720,2026-10-03T04:30:15,49.4,69.7,46.0,0,0.0,0.0,0.76,0.0,0.76,7.13,0.0,71.3,67.7,69.7,0.0,55.3,71.3,360,360,1.31,3.0,2.0,0,1,360,0,1,-25200,0,76,360,0,76,1,1788482940,0,0,0,0,0,713,0,1788620460,0,360,0,0,0,0,,0,0,181.102,360,0.37,19,19.304,0.18,0,0,0,0,0,1791001815,0
26721,2026-10-03T04:45:15,49.5,70.2,45.5,0,0.0,0.0,0.76,0.0,0.76,7.13,0.0,71.7,68.2,70.2,0.0,55.4,71.7,360,360,1.18,2.0,1.0,0,2,360,0,1,-25200,0,76,360,0,76,1,1788482940,0,0,0,0,0,713,0,1788620460,0,360,0,0,0,0,,0,0,181.102,360,0.93,19,19.304,0.93,0,0,0,0,0,1791002715,0
26722,2026-10-03T05:00:15,49.6,69.3,46.7,0,0.0,0.0,0.76,0.0,0.76,7.13,0.0,71.0,67.3,69.3,0.0,55.4,71.0,360,360,1.0,3.0,2.0,0,3,360,0,1,-25200,0,76,360,0,76,1,1788482940,0,0,0,0,0,713,0,1788620460,0,360,0,0,0,0,,0,0,181.102,360,1.81,19,19.304,1.81,0,0,0,0,0,1791003615,0
26723,2026-10-03T05:15:15,48.6,68.5,45.9,0,0.0,0.0,0.76,0.0,0.76,7.13,0.0,70.4,66.5,68.5,0.0,54.6,70.4,0,360,0.12,2.0,0.0,0,,360,0,1,-25200,0,76,,0,76,1,1788482940,0,0,0,0,0,713,0,1788620460,0,0,0,0,0,0,,0,0,181.102,0,0.0,19,19.304,0.0,0,0,0,0,0,1791004515,0
26724,2026-10-03T05:30:15,49.4,67.4,50.1,0,0.0,0.0,0.76,0.0,0.76,7.13,0.0,68.7,65.4,67.4,0.0,54.9,68.7,360,360,1.31,3.0,2.0,0,3,360,0,1,-25200,0,76,360,0,76,1,1788482940,0,0,0,0,0,713,0,1788620460,0,360,0,0,0,0,,0,0,181.102,360,1.31,19,19.304,1.12,0,0,0,0,0,1791005415,0
26725,2026-10-03T05:45:15,48.6,67.3,48.5,0,0.0,0.0,0.76,0.0,0.76,7.13,0.0,68.8,65.3,67.3,0.0,54.3,68.8,360,360,1.62,4.0,1.0,0,2,360,0,1,-25200,0,76,360,0,76,1,1788482940,0,0,0,0,0,713,0,1788620460,0,360,0,0,0,0,,0,0,181.102,360,1.68,19,19.304,1.68,0,0,0,0,0,1791006315,0
26726,2026-10-03T06:00:15,49.0,67.1,50.6,0,0.0,0.0,0.76,0.0,0.76,7.13,0.0,68.0,65.1,67.1,0.0,54.5,68.0,360,360,0.93,3.0,1.0,0,3,360,0,1,-25200,0,76,360,0,76,1,1788482940,0,0,0,0,0,713,0,1788620460,0,360,0,0,0,0,,0,0,181.102,360,1.37,19,19.304,1.62,0,0,0,0,0,1791007215,0
26727,2026-10-03T06:15:15,47.7,65.9,49.4,0,0.0,0.0,0.76,0.0,0.76,7.13,0.0,67.3,63.9,65.9,0.0,53.4,67.3,360,360,1.75,4.0,1.0,0,2,360,0,1,-25200,0,76,360,0,76,1,1788482940,0,0,0,0,0,713,0,1788620460,0,360,0,0,0,0,,0,0,181.102,360,1.18,19,19.304,1.12,0,0,0,0,0,1791008115,0
26728,2026-10-03T06:30:15,47.4,66.3,48.4,0,0.0,0.0,0.76,0.0,0.76,7.13,0.0,67.6,64.3,66.3,0.0,53.3,67.6,360,360,1.06,3.0,1.0,0,2,360,0,1,-25200,0,76,360,0,76,1,1788482940,0,0,0,0,0,713,0,1788620460,0,360,0,0,0,0,,0,0,181.102,360,1.06,19,19.304,1.18,0,0,0,0,0,1791009015,0
26729,2026-10-03T06:45:14,47.2,65.7,48.7,0,0.0,0.0,0.76,0.0,0.76,7.13,0.0,67.2,63.7,65.7,0.0,53.1,67.2,360,360,1.25,3.0,2.0,0,3,360,0,1,-25200,0,76,360,0,76,1,1788482940,0,0,0,0,0,713,0,1788620460,0,360,0,0,0,0,,0,0,181.102,360,1.68,19,19.304,1.81,0,0,0,0,0,1791009914,0
26730,2026-10-03T07:00:14,47.5,63.9,51.9,0,0.0,0.0,0.76,0.0,0.76,7.13,0.0,65.7,61.9,63.9,0.0,53.0,65.7,360,360,1.31,3.0,1.0,0,2,360,0,1,-25200,0,76,360,0,76,1,1788482940,0,0,0,0,0,713,0,1788620460,0,360,0,0,0,0,,0,0,181.102,360,1.12,19,19.304,1.31,0,0,0,0,0,1791010814,0
26731,2026-10-03T07:15:14,46.6,63.6,50.3,0,0.0,0.0,0.76,0.0,0.76,7.13,0.0,65.6,61.6,63.6,0.0,52.4,65.6,360,360,1.56,3.0,2.0,0,3,360,0,1,-25200,0,76,360,0,76,1,1788482940,0,0,0,0,0,713,0,1788620460,0,360,0,0,0,0,,0,0,181.102,360,1.75,19,19.304,1.81,0,0,0,0,0,1791011714,0
26732,2026-10-03T07:30:14,46.6,63.6,50.5,0,0.0,0.0,0.76,0.0,0.76,7.13,0.0,65.5,61.6,63.6,0.0,52.3,65.5,360,360,1.5,3.0,1.0,0,3,360,0,1,-25200,0,76,360,0,76,1,1788482940,0,0,0,0,0,713,0,1788620460,0,360,0,0,0,0,,0,0,181.102,360,1.62,19,19.304,1.68,0,0,0,0,0,1791012614,0
26733,2026-10-03T07:45:14,46.2,63.3,50.1,0,0.0,0.0,0.76,0.0,0.76,7.13,0.0,65.3,61.3,63.3,0.0,52.0,65.3,360,360,1.5,3.0,2.0,0,3,360,0,1,-25200,0,76,360,0,76,1,1788482940,0,0,0,0,0,713,0,1788620460,0,360,0,0,0,0,,0,0,181.102,360,1.81,19,19.304,1.93,0,0,0,0,0,1791013514,0
26734,2026-10-03T08:00:14,46.2,63.1,50.3,0,0.0,0.0,0.76,0.0,0.76,7.13,0.0,65.1,61.1,63.1,0.0,52.0,65.1,360,360,1.56,3.0,1.0,0,3,360,0,1,-25200,0,76,360,0,76,1,1788482940,0,0,0,0,0,713,0,1788620460,0,360,0,0,0,0,,0,0,181.102,360,1.25,19,19.304,1.37,0,0,0,0,0,1791014414,0
26735,2026-10-03T08:15:14,45.6,62.4,50.7,0,0.0,0.0,0.76,0.0,0.76,7.13,0.0,64.3,60.4,62.4,0.0,51.4,64.3,360,360,1.62,3.0,1.0,0,2,360,0,1,-25200,0,76,360,0,76,1,1788482940,0,0,0,0,0,713,0,1788620460,0,360,0,0,0,0,,0,0,181.102,360,0.93,19,19.304,0.93,0,0,0,0,0,1791015314,0
26736,2026-10-03T08:30:14,45.3,62.5,49.8,0,0.0,0.0,0.76,0.0,0.76,7.13,0.0,64.5,60.5,62.5,0.0,51.3,64.5,360,360,1.18,3.0,1.0,0,2,360,0,1,-25200,0,76,360,0,76,1,1788482940,0,0,0,0,0,713,0,1788620460,0,360,0,0,0,0,,0,0,181.102,360,1.25,19,19.304,1.25,0,0,0,0,0,1791016214,0
26737,2026-10-03T08:45:14,45.2,61.9,50.8,0,0.0,0.0,0.76,0.0,0.76,7.13,0.0,63.8,59.9,61.9,0.0,51.1,63.8,360,360,1.43,3.0,1.0,0,2,360,0,1,-25200,0,76,360,0,76,1,1788482940,0,0,0,0,0,713,0,1788620460,0,360,0,0,0,0,,0,0,181.102,360,1.56,19,19.304,1.5,0,0,0,0,0,1791017114,0
26738,2026-10-03T09:00:14,44.8,61.7,50.2,0,0.0,0.0,0.76,0.0,0.76,7.13,0.0,63.7,59.7,61.7,0.0,50.8,63.7,360,360,1.43,3.0,1.0,0,2,360,0,1,-25200,0,76,360,0,76,1,1788482940,0,0,0,0,0,713,0,1788620460,0,360,0,0,0,0,,0,0,181.102,360,1.25,19,19.304,1.12,0,0,0,0,0,1791018014,0
26739,2026-10-03T09:15:14,44.4,61.6,49.4,0,0.0,0.0,0.76,0.0,0.76,7.13,0.0,63.7,59.6,61.6,0.0,50.5,63.7,360,360,1.56,3.0,1.0,0,3,360,0,1,-25200,0,76,360,0,76,1,1788482940,0,0,0,0,0,713,0,1788620460,0,360,0,0,0,0,,0,0,181.102,360,1.75,19,19.304,1.75,0,0,0,0,0,1791018914,0
26740,2026-10-03T09:30:14,44.2,61.4,49.5,0,0.0,0.0,0.76,0.0,0.76,7.13,0.0,63.4,59.4,61.4,0.0,50.3,63.4,360,360,1.68,3.0,3.0,0,3,360,0,1,-25200,0,76,360,0,76,1,1788482940,0,0,0,0,0,713,0,1788620460,0,360,0,0,0,0,,0,0,181.102,360,1.81,19,19.304,1.81,0,0,0,0,0,1791019814,0
26741,2026-10-03T09:45:14,43.4,60.1,50.4,0,0.0,0.0,0.76,0.0,0.76,7.13,0.0,62.1,58.1,60.1,0.0,49.5,62.1,360,360,1.93,4.0,1.0,0,2,360,0,1,-25200,0,76,360,0,76,1,1788482940,0,0,0,0,0,713,0,1788620460,0,360,0,0,0,0,,0,0,181.102,360,1.68,19,19.304,1.68,0,0,0,0,0,1791020714,0
26742,2026-10-03T10:00:14,42.7,59.8,49.6,0,0.0,0.0,0.76,0.0,0.76,7.13,0.0,61.8,57.8,59.8,0.0,49.0,61.8,360,360,1.87,3.0,2.0,0,2,360,0,1,-25200,0,76,360,0,76,1,1788482940,0,0,0,0,0,713,0,1788620460,0,360,0,0,0,0,,0,0,181.102,360,1.68,19,19.304,1.68,0,0,0,0,0,1791021614,0
26743,2026-10-03T10:15:14,42.7,59.3,50.4,0,0.0,0.0,0.76,0.0,0.76,7.13,0.0,61.3,57.3,59.3,0.0,48.9,61.3,360,360,1.87,3.0,1.0,0,2,360,0,1,-25200,0,76,360,0,76,1,1788482940,0,0,0,0,0,713,0,1788620460,0,360,0,0,0,0,,0,0,181.102,360,1.18,19,19.304,1.12,0,0,0,0,0,1791022514,0
26744,2026-10-03T10:30:14,43.6,60.4,50.1,0,0.0,0.0,0.76,0.0,0.76,7.13,0.0,62.4,58.4,60.4,0.0,49.7,62.4,360,360,1.43,4.0,2.0,0,4,360,0,1,-25200,0,76,360,0,76,1,1788482940,0,0,0,0,0,713,0,1788620460,0,360,0,0,0,0,,0,0,181.102,360,1.62,19,19.304,2.0,0,0,0,0,0,1791023414,0
26745,2026-10-03T10:45:14,42.0,59.2,49.0,0,0.0,0.0,0.76,0.0,0.76,7.13,0.0,61.3,57.2,59.2,0.0,48.4,61.3,360,360,1.06,3.0,1.0,0,3,360,0,1,-25200,0,76,360,0,76,1,1788482940,0,0,0,0,0,713,0,1788620460,0,360,0,0,0,0,,0,0,181.102,360,1.62,19,19.304,1.75,0,0,0,0,0,1791024314,0
26746,2026-10-03T11:00:14,42.5,58.7,51.3,0,0.0,0.0,0.76,0.0,0.76,7.13,0.0,60.6,56.7,58.7,0.0,48.6,60.6,360,360,1.68,4.0,2.0,0,2,360,0,1,-25200,0,76,360,0,76,1,1788482940,0,0,0,0,0,713,0,1788620460,0,360,0,0,0,0,,0,0,181.102,360,1.43,19,19.304,1.56,0,0,0,0,0,1791025214,0
26747,2026-10-03T11:15:14,42.2,58.7,50.6,0,0.0,0.0,0.76,0.0,0.76,7.13,0.0,60.6,56.7,58.7,0.0,48.4,60.6,360,360,2.0,3.0,1.0,0,3,360,0,1,-25200,0,76,360,0,76,1,1788482940,0,0,0,0,0,713,0,1788620460,0,360,0,0,0,0,,0,0,181.102,360,2.06,19,19.304,2.12,0,0,0,0,0,1791026114,0
26748,2026-10-03T11:30:14,42.3,59.3,49.4,0,0.0,0.0,0.76,0.0,0.76,7.13,0.0,61.4,57.3,59.3,0.0,48.6,61.4,360,360,1.43,3.0,1.0,0,3,360,0,1,-25200,0,76,360,0,76,1,1788482940,0,0,0,0,0,713,0,1788620460,0,360,0,0,0,0,,0,0,181.102,360,1.93,19,19.304,1.75,0,0,0,0,0,1791027014,0
26749,2026-10-03T11:45:14,41.5,58.6,49.1,0,0.0,0.0,0.76,0.0,0.76,7.13,0.0,60.7,56.6,58.6,0.0,47.9,60.7,360,360,1.81,3.0,1.0,0,3,360,0,1,-25200,0,76,360,0,76,1,1788482940,0,0,0,0,0,713,0,1788620460,0,360,0,0,0,0,,0,0,181.102,360,1.37,19,19.304,1.25,0,0,0,0,0,1791027914,0
26750,2026-10-03T12:00:14,41.1,58.9,47.7,0,0.0,0.0,0.76,0.0,0.76,7.13,0.0,61.1,56.9,58.9,0.0,47.8,61.1,360,360,1.75,4.0,2.0,0,2,360,0,1,-25200,0,76,360,0,76,1,1788482940,0,0,0,0,0,713,0,1788620460,0,360,0,0,0,0,,0,0,181.102,360,1.43,19,19.304,1.37,0,0,0,0,0,1791028814,0
26751,2026-10-03T12:15:14,41.0,58.5,48.2,0,0.0,0.0,0.76,0.0,0.76,7.13,0.0,60.7,56.5,58.5,0.0,47.6,60.7,360,360,1.68,3.0,1.0,0,2,360,0,1,-25200,0,76,360,0,76,1,1788482940,0,0,0,0,0,713,0,1788620460,0,360,0,0,0,0,,0,0,181.102,360,1.25,19,19.304,1.12,0,0,0,0,0,1791029714,0
26752,2026-10-03T12:30:14,40.9,57.9,49.5,0,0.0,0.0,0.76,0.0,0.76,7.13,0.0,59.9,55.9,57.9,0.0,47.4,59.9,360,360,2.0,4.0,2.0,0,3,360,0,1,-25200,0,76,360,0,76,1,1788482940,0,0,0,0,0,713,0,1788620460,0,360,0,0,0,0,,0,0,181.102,360,2.0,19,19.304,1.81,0,0,0,0,0,1791030614,0
26753,2026-10-03T12:45:14,40.6,58.0,48.3,0,0.0,0.0,0.76,0.0,0.76,7.13,0.0,60.2,56.0,58.0,0.0,47.2,60.2,360,360,1.75,3.0,2.0,0,3,360,0,1,-25200,0,76,360,0,76,1,1788482940,0,0,0,0,0,713,0,1788620460,0,360,0,0,0,0,,0,0,181.102,360,1.93,19,19.304,2.0,0,0,0,0,0,1791031514,0
26754,2026-10-03T13:00:14,41.3,57.9,50.2,0,0.0,0.0,0.76,0.0,0.76,7.13,0.0,59.9,55.9,57.9,0.0,47.6,59.9,360,360,1.62,3.0,2.0,0,3,360,0,1,-25200,0,76,360,0,76,1,1788482940,0,0,0,0,0,713,0,1788620460,0,360,0,0,0,0,,0,0,181.102,360,1.68,19,19.304,1.75,0,0,0,0,0,1791032414,0
26755,2026-10-03T13:15:14,42.2,58.8,50.5,0,0.0,0.0,0.76,0.0,0.76,7.13,0.0,60.7,56.8,58.8,0.0,48.4,60.7,360,360,1.12,3.0,1.0,0,2,360,0,1,-25200,0,76,360,0,76,1,1788482940,0,0,0,0,0,713,0,1788620460,0,360,0,0,0,0,,0,0,181.102,360,0.81,19,19.304,1.25,0,0,0,0,0,1791033314,0
26756,2026-10-03T13:30:14,40.7,58.9,46.8,0,0.0,0.0,0.76,0.0,0.76,7.13,0.0,61.2,56.9,58.9,0.0,47.5,61.2,360,360,1.25,3.0,2.0,0,3,360,0,1,-25200,0,76,360,0,76,1,1788482940,0,0,0,0,0,713,0,1788620460,0,360,0,0,0,0,,0,0,181.102,360,1.18,19,19.304,1.18,0,0,0,0,0,1791034214,0
26757,2026-10-03T13:45:14,41.7,59.4,48.0,0,0.0,0.0,0.76,0.0,0.76,7.13,0.0,61.6,57.4,59.4,0.0,48.3,61.6,360,360,1.43,3.0,1.0,0,3,360,0,1,-25200,0,76,360,0,76,1,1788482940,0,0,0,0,0,713,0,1788620460,0,360,0,0,0,0,,0,0,181.102,360,1.56,19,19.304,1.56,0,0,0,0,0,1791035114,0
26758,2026-10-03T14:00:14,42.0,59.4,48.7,0,0.0,0.0,0.76,0.0,0.76,7.13,0.0,61.5,57.4,59.4,0.0,48.4,61.5,360,360,1.31,3.0,2.0,0,3,360,0,1,-25200,0,76,360,0,76,1,1788482940,0,0,0,0,0,713,0,1788620460,0,360,0,0,0,0,,0,0,181.102,360,1.62,19,19.304,1.62,0,0,0,0,0,1791036014,0
26759,2026-10-03T14:15:14,41.1,59.0,47.6,0,0.0,0.0,0.76,0.0,0.76,7.13,9.0,61.2,57.0,59.0,0.0,47.8,61.2,360,360,1.18,3.0,1.0,0,3,360,0,1,-25200,0,76,360,0,76,1,1788482940,0,0,0,0,0,713,0,1788620460,0,360,0,0,0,0,,0,0,181.102,360,1.43,19,19.304,1.56,0,0,0,0,0,1791036914,0
26760,2026-10-03T14:30:14,42.5,59.8,49.0,0,0.0,0.0,0.76,0.0,0.76,7.13,18.0,61.9,57.8,59.8,0.0,48.9,61.9,360,360,1.0,3.0,1.0,0,3,360,0,1,-25200,0,76,360,0,76,1,1788482940,0,0,0,0,0,713,0,1788620460,0,360,0,0,0,0,,0,0,181.102,360,1.25,19,19.304,1.31,0,0,0,0,0,1791037814,0
26761,2026-10-03T14:45:14,42.5,59.6,49.3,0,0.0,0.0,0.76,0.0,0.76,7.13,30.0,61.7,57.6,59.6,0.0,48.8,61.7,360,360,1.5,3.0,1.0,0,3,360,0,1,-25200,0,76,360,0,76,1,1788482940,0,0,0,0,0,713,0,1788620460,0,360,0,0,0,0,,0,0,181.102,360,1.62,19,19.304,1.75,0,0,0,0,0,1791038714,0
26762,2026-10-03T15:00:14,44.1,61.2,49.8,0,0.0,0.0,0.76,0.0,0.76,7.13,51.0,63.2,59.2,61.2,0.0,50.2,63.2,360,360,0.75,2.0,1.0,0,2,360,0,1,-25200,0,76,360,0,76,1,1788482940,0,0,0,0,0,713,0,1788620460,0,360,0,0,0,0,,0,0,181.102,360,0.56,19,19.304,0.43,0,0,0,0,0,1791039614,0
26763,2026-10-03T15:15:14,42.0,61.9,44.0,0,0.0,0.0,0.76,0.0,0.76,7.13,58.0,64.4,60.4,61.9,0.0,49.0,64.4,360,360,0.43,2.0,1.0,0,2,360,0,1,-25200,0,76,360,0,76,1,1788482940,0,0,0,0,0,713,0,1788620460,0,360,0,0,0,0,,0,0,181.102,360,0.12,19,19.304,0.25,0,0,0,0,0,1791040514,0
26764,2026-10-03T15:30:14,47.0,64.3,50.0,0,0.0,0.0,0.76,0.0,0.76,7.13,49.0,66.2,63.0,64.3,0.0,52.8,66.2,360,360,1.06,2.0,2.0,0,2,360,0,1,-25200,0,76,360,0,76,1,1788482940,0,0,0,0,0,713,0,1788620460,0,360,0,0,0,0,,0,0,181.102,360,1.31,19,19.304,1.18,0,0,0,0,0,1791041414,0
26765,2026-10-03T15:45:14,45.1,64.7,46.1,0,0.0,0.0,0.76,0.0,0.76,7.13,33.0,66.5,62.9,64.7,0.0,51.5,66.5,360,360,0.56,2.0,1.0,0,2,360,0,1,-25200,0,76,360,0,76,1,1788482940,0,0,0,0,0,713,0,1788620460,0,360,0,0,0,0,,0,0,181.102,360,1.06,19,19.304,1.0,0,0,0,0,0,1791042314,0
26766,2026-10-03T16:00:14,45.0,64.6,45.8,0,0.0,0.0,0.76,0.0,0.76,7.13,77.0,66.5,63.1,64.6,0.0,51.4,66.5,360,360,0.0,1.0,2.0,0,1,360,0,1,-25200,0,76,360,0,76,1,1788482940,0,0,0,0,0,713,0,1788620460,0,360,0,0,0,0,,0,0,181.102,360,0.0,19,19.304,0.0,0,0,0,0,0,1791043214,0
26767,2026-10-03T16:15:14,43.1,66.5,39.8,0,0.0,0.0,0.76,0.0,0.76,7.13,81.0,68.5,65.4,66.5,0.6,50.4,68.5,360,360,1.06,3.0,2.0,0,3,360,0,1,-25200,0,76,360,0,76,1,1788482940,0,0,0,0,0,713,0,1788620460,0,360,0,0,0,0,,0,0,181.102,360,1.43,19,19.304,1.68,0,0,0,0,0,1791044114,0
26768,2026-10-03T16:30:14,43.4,68.8,36.6,0,0.0,0.0,0.76,0.0,0.76,7.13,93.0,71.3,68.5,68.8,0.8,50.9,71.3,360,360,1.06,3.0,1.0,0,2,360,0,1,-25200,0,76,360,0,76,1,1788482940,0,0,0,0,0,713,0,1788620460,0,360,0,0,0,0,,0,0,181.102,360,0.93,19,19.304,0.93,0,0,0,0,0,1791045014,0
26769,2026-10-03T16:45:14,44.1,72.4,34.3,0,0.0,0.0,0.76,0.0,0.76,7.13,102.0,74.0,73.0,72.4,1.1,51.7,74.0,360,360,1.31,3.0,1.0,0,3,360,0,1,-25200,0,76,360,0,76,1,1788482940,0,0,0,0,0,713,0,1788620460,0,360,0,0,0,0,,0,0,181.102,360,1.37,19,19.304,1.37,0,0,0,0,0,1791045914,0
26770,2026-10-03T17:00:14,45.7,73.9,34.8,0,0.0,0.0,0.76,0.0,0.76,7.13,47.0,75.4,72.9,73.9,0.0,53.0,75.4,360,360,1.0,3.0,2.0,0,3,360,0,1,-25200,0,76,360,0,76,1,1788482940,0,0,0,0,0,713,0,1788620460,0,360,0,0,0,0,,0,0,181.102,360,1.43,19,19.304,1.43,0,0,0,0,0,1791046814,0
26771,2026-10-03T17:15:14,44.7,75.1,31.9,0,0.0,0.0,0.76,0.0,0.76,7.13,62.0,76.9,73.7,75.1,1.0,52.4,76.9,360,360,1.43,3.0,1.0,0,3,360,0,1,-25200,0,76,360,0,76,1,1788482940,0,0,0,0,0,713,0,1788620460,0,360,0,0,0,0,,0,0,181.102,360,1.5,19,19.304,1.5,0,0,0,0,0,1791047714,0
26772,2026-10-03T17:30:14,45.3,77.0,30.4,0,0.0,0.0,0.76,0.0,0.76,7.13,74.0,79.0,76.0,77.0,1.2,53.0,79.0,360,360,1.37,3.0,1.0,0,3,360,0,1,-25200,0,76,360,0,76,1,1788482940,0,0,0,0,0,713,0,1788620460,0,360,0,0,0,0,,0,0,181.102,360,0.87,19,19.304,0.56,0,0,0,0,0,1791048614,0
26773,2026-10-03T17:45:14,45.2,78.5,28.9,0,0.0,0.0,0.76,0.0,0.76,7.13,114.0,80.5,78.3,78.5,1.3,53.0,80.5,360,360,1.93,4.0,1.0,0,4,360,0,1,-25200,0,76,360,0,76,1,1788482940,0,0,0,0,0,713,0,1788620460,0,360,0,0,0,0,,0,0,181.102,360,2.25,19,19.304,2.18,0,0,0,0,0,1791049514,0
26774,2026-10-03T18:00:14,46.7,79.7,29.3,0,0.0,0.0,0.76,0.0,0.76,7.13,125.0,81.8,80.2,79.7,1.4,54.3,81.8,360,360,1.68,5.0,1.0,0,2,360,0,1,-25200,0,76,360,0,76,1,1788482940,0,0,0,0,0,713,0,1788620460,0,360,0,0,0,0,,0,0,181.102,360,0.56,19,19.304,0.5,0,0,0,0,0,1791050414,0
26775,2026-10-03T18:15:14,47.3,80.7,29.0,0,0.0,0.0,0.76,0.0,0.76,7.13,135.0,82.8,81.6,80.7,1.6,54.8,82.8,360,360,0.75,3.0,1.0,0,1,360,0,1,-25200,0,76,360,0,76,1,1788482940,0,0,0,0,0,713,0,1788620460,0,360,0,0,0,0,,0,0,181.102,360,0.68,19,19.304,0.31,0,0,0,0,0,1791051314,0
26776,2026-10-03T18:30:14,50.3,82.1,31.2,0,0.0,0.0,0.76,0.0,0.76,7.13,137.0,84.0,83.2,82.1,1.7,57.3,84.0,360,360,0.5,2.0,1.0,0,1,360,0,1,-25200,0,76,360,0,76,1,1788482940,0,0,0,0,0,713,0,1788620460,0,360,0,0,0,0,,0,0,181.102,360,0.31,19,19.304,0.43,0,0,0,0,0,1791052214,0
26777,2026-10-03T18:45:15,48.1,83.2,27.4,0,0.0,0.0,0.76,0.0,0.76,7.13,156.0,85.5,85.3,83.2,2.0,55.6,85.5,360,360,1.37,3.0,1.0,0,3,360,0,1,-25200,0,76,360,0,76,1,1788482940,0,0,0,0,0,713,0,1788620460,0,360,0,0,0,0,,0,0,181.102,360,1.5,19,19.304,1.25,0,0,0,0,0,1791053115,0
26778,2026-10-03T19:00:15,48.7,85.0,26.4,0,0.0,0.0,0.76,0.0,0.76,7.13,127.0,87.4,88.7,85.0,2.7,56.1,87.4,360,360,1.31,3.0,1.0,0,3,360,0,1,-25200,0,76,360,0,76,1,1788482940,0,0,0,0,0,713,0,1788620460,0,360,0,0,0,0,,0,0,181.102,360,1.43,19,19.304,1.12,0,0,0,0,0,1791054015,0
26779,2026-10-03T19:15:15,47.0,86.5,23.4,0,0.0,0.0,0.76,0.0,0.76,7.13,195.0,89.2,88.1,86.5,2.1,54.8,89.2,0,360,2.31,5.0,0.0,0,3,360,0,1,-25200,0,76,360,0,76,1,1788482940,0,0,0,0,0,713,0,1788620460,0,360,0,0,0,0,,0,0,181.102,360,1.68,19,19.304,1.87,0,0,0,0,0,1791054915,0
26780,2026-10-03T19:30:15,49.9,88.5,24.8,0,0.0,0.0,0.76,0.0,0.76,7.13,705.0,90.8,98.8,88.5,4.1,57.2,90.8,360,360,2.12,4.0,2.0,0,3,360,0,1,-25200,0,76,360,0,76,1,1788482940,0,0,0,0,0,713,0,1788620460,0,360,0,0,0,0,,0,0,181.102,360,1.68,19,19.304,1.68,0,0,0,0,0,1791055815,0
26781,2026-10-03T19:45:15,42.8,89.1,18.1,0,0.0,0.0,0.76,0.0,0.76,7.13,715.0,92.3,98.9,89.1,4.2,51.4,92.3,360,360,2.25,6.0,3.0,0,6,360,0,1,-25200,0,76,360,0,76,1,1788482940,0,0,0,0,0,713,0,1788620460,0,360,0,0,0,0,,0,0,181.102,360,2.31,19,19.304,2.56,0,0,0,0,0,1791056715,0
26782,2026-10-03T20:00:15,43.9,89.9,18.5,0,0.0,0.0,0.76,0.0,0.76,7.13,719.0,93.0,100.0,89.9,4.2,52.3,93.0,360,358,2.12,8.0,5.0,0,8,360,0,1,-25200,0,76,360,0,76,1,1788482940,0,0,0,0,0,713,0,1788620460,0,353,0,0,0,0,,0,0,181.102,359,3.31,19,19.304,3.5,0,0,0,0,0,1791057615,0
26783,2026-10-03T20:15:15,43.2,89.0,18.4,0,0.0,0.0,0.76,0.0,0.76,7.13,705.0,92.2,98.9,89.0,4.2,51.8,92.2,360,325,3.75,8.0,4.0,0,6,360,0,1,-25200,0,76,360,0,76,1,1788482940,0,0,0,0,0,713,0,1788620460,0,304,0,0,0,0,,0,0,181.102,317,4.06,19,19.304,3.81,0,0,0,0,0,1791058515,0
26784,2026-10-03T20:30:15,41.2,89.6,16.7,0,0.0,0.0,0.76,0.0,0.76,7.13,701.0,92.9,99.7,89.6,4.1,50.1,92.9,286,279,3.56,9.0,1.0,0,7,292,0,1,-25200,0,76,286,0,76,1,1788482940,0,0,0,0,0,713,0,1788620460,0,281,0,0,0,0,,0,0,181.102,289,4.18,19,19.304,4.75,0,0,0,0,0,1791059415,0
26785,2026-10-03T20:45:15,41.7,90.2,16.7,0,0.0,0.0,0.76,0.0,0.76,7.13,714.0,93.5,100.6,90.2,4.0,50.5,93.5,252,306,3.43,8.0,3.0,0,8,265,0,1,-25200,0,76,265,0,76,1,1788482940,0,0,0,0,0,713,0,1788620460,0,305,0,0,0,0,,0,0,181.102,315,4.06,19,19.304,4.37,0,0,0,0,0,1791060315,0
26786,2026-10-03T21:00:15,42.0,90.6,16.7,0,0.0,0.0,0.76,0.0,0.76,7.13,703.0,93.9,101.1,90.6,3.8,50.8,93.9,360,311,3.37,10.0,3.0,0,9,360,0,1,-25200,0,76,360,0,76,1,1788482940,0,0,0,0,0,713,0,1788620460,0,262,0,0,0,0,,0,0,181.102,234,3.43,19,19.304,3.75,0,0,0,0,0,1791061215,0
26787,2026-10-03T21:15:15,43.2,90.7,17.4,0,0.0,0.0,0.76,0.0,0.76,7.13,691.0,94.0,101.4,90.7,3.6,51.7,94.0,284,310,2.81,9.0,4.0,0,9,271,0,1,-25200,0,76,270,0,76,1,1788482940,0,0,0,0,0,713,0,1788620460,0,310,0,0,0,0,,0,0,181.102,301,3.68,19,19.304,2.87,0,0,0,0,0,1791062115,0
26788,2026-10-03T21:30:15,43.0,90.5,17.4,0,0.0,0.0,0.76,0.0,0.76,7.13,673.0,93.8,101.4,90.5,3.3,51.6,93.8,212,284,3.43,8.0,6.0,0,8,293,0,1,-25200,0,76,292,0,76,1,1788482940,0,0,0,0,0,713,0,1788620460,0,270,0,0,0,0,,0,0,181.102,265,3.93,19,19.304,3.56,0,0,0,0,0,1791063015,0
26789,2026-10-03T21:45:15,42.5,90.7,17.0,0,0.0,0.0,0.76,0.0,0.76,7.13,652.0,94.0,101.7,90.7,3.1,51.2,94.0,235,273,3.56,7.0,3.0,0,7,227,0,1,-25200,0,76,268,0,76,1,1788482940,0,0,0,0,0,713,0,1788620460,0,278,0,0,0,0,,0,0,181.102,269,3.5,19,19.304,4.0,0,0,0,0,0,1791063915,0
26790,2026-10-03T22:00:15,45.2,90.6,19.0,0,0.0,0.0,0.76,0.0,0.76,7.13,629.0,93.7,101.7,90.6,2.8,53.4,93.7,284,309,3.75,10.0,4.0,0,7,360,0,1,-25200,0,76,297,0,76,1,1788482940,0,0,0,0,0,713,0,1788620460,0,308,0,0,0,0,,0,0,181.102,309,3.93,19,19.304,4.5,0,0,0,0,0,1791064815,0
26791,2026-10-03T22:15:15,44.9,91.0,18.5,0,0.0,0.0,0.76,0.0,0.76,7.13,601.0,94.2,102.3,91.0,2.5,53.2,94.2,360,284,3.87,9.0,3.0,0,5,225,0,1,-25200,0,76,293,0,76,1,1788482940,0,0,0,0,0,713,0,1788620460,0,278,0,0,0,0,,0,0,181.102,276,3.12,19,19.304,2.43,0,0,0,0,0,1791065715,0
26792,2026-10-03T22:30:15,43.8,91.1,17.6,0,0.0,0.0,0.76,0.0,0.76,7.13,571.0,94.4,102.5,91.1,2.1,52.2,94.4,360,271,3.25,8.0,2.0,0,5,360,0,1,-25200,0,76,236,0,76,1,1788482940,0,0,0,0,0,713,0,1788620460,0,288,0,0,0,0,,0,0,181.102,296,2.75,19,19.304,2.56,0,0,0,0,0,1791066615,0
26793,2026-10-03T22:45:15,46.3,91.6,19.2,0,0.0,0.0,0.76,0.0,0.76,7.13,533.0,94.7,103.0,91.6,1.8,54.3,94.7,360,360,3.68,11.0,4.0,0,4,360,0,1,-25200,0,76,360,0,76,1,1788482940,0,0,0,0,0,713,0,1788620460,0,360,0,0,0,0,,0,0,181.102,360,2.87,19,19.304,2.18,0,0,0,0,0,1791067515,0
26794,2026-10-03T23:00:15,45.6,91.5,18.7,0,0.0,0.0,0.76,0.0,0.76,7.13,497.0,94.7,103.0,91.5,1.5,53.7,94.7,360,360,4.0,10.0,3.0,0,10,360,0,1,-25200,0,76,360,0,76,1,1788482940,0,0,0,0,0,713,0,1788620460,0,360,0,0,0,0,,0,0,181.102,360,4.87,19,19.304,4.93,0,0,0,0,0,1791068415,0
26795,2026-10-03T23:15:15,48.9,92.3,21.0,0,0.0,0.0,0.76,0.0,0.76,7.13,461.0,95.0,103.6,92.3,1.2,56.5,95.0,360,360,3.31,9.0,4.0,0,9,360,0,1,-25200,0,76,360,0,76,1,1788482940,0,0,0,0,0,713,0,1788620460,0,360,0,0,0,0,,0,0,181.102,360,4.31,19,19.304,4.37,0,0,0,0,0,1791069315,0
26796,2026-10-03T23:30:15,46.0,91.1,19.3,0,0.0,0.0,0.76,0.0,0.76,7.13,415.0,94.2,102.2,91.1,1.0,54.1,94.2,360,360,3.93,11.0,5.0,0,8,360,0,1,-25200,0,76,360,0,76,1,1788482940,0,0,0,0,0,713,0,1788620460,0,360,0,0,0,0,,0,0,181.102,360,3.62,19,19.304,3.25,0,0,0,0,0,1791070215,0
26797,2026-10-03T23:45:15,43.6,90.8,17.7,0,0.0,0.0,0.76,0.0,0.76,7.13,373.0,94.0,101.3,90.8,0.8,52.1,94.0,360,360,3.87,9.0,4.0,0,9,360,0,1,-25200,0,76,360,0,76,1,1788482940,0,0,0,0,0,713,0,1788620460,0,360,0,0,0,0,,0,0,181.102,360,4.75,19,19.304,4.87,0,0,0,0,0,1791071115,0
26798,2026-10-04T00:00:15,44.4,90.4,18.5,0,0.0,0.0,0.76,0.0,0.76,7.13,327.0,93.5,100.3,90.4,0.0,52.7,93.5,360,360,3.43,8.0,3.0,0,8,360,0,1,-25200,0,76,360,0,76,1,1788482940,0,0,0,0,0,713,0,1788620460,0,360,0,0,0,0,,0,0,181.102,360,3.56,19,19.304,3.31,0,0,0,0,0,1791072015,0
26799,2026-10-04T00:15:15,46.1,91.0,19.4,0,0.0,0.0,0.76,0.0,0.76,7.13,281.0,94.1,99.9,91.0,0.0,54.2,94.1,360,360,2.62,5.0,2.0,0,5,360,0,1,-25200,0,76,360,0,76,1,1788482940,0,0,0,0,0,713,0,1788620460,0,360,0,0,0,0,,0,0,181.102,360,3.06,19,19.304,2.56,0,0,0,0,0,1791072915,0
26800,2026-10-04T00:30:15,48.9,91.1,21.8,0,0.0,0.0,0.76,0.0,0.76,7.13,227.0,93.7,98.6,91.1,0.0,56.5,93.7,360,360,2.68,8.0,2.0,0,3,360,0,1,-25200,0,76,360,0,76,1,1788482940,0,0,0,0,0,713,0,1788620460,0,360,0,0,0,0,,0,0,181.102,360,1.56,19,19.304,1.31,0,0,0,0,0,1791073815,0
26801,2026-10-04T00:45:15,46.1,90.0,20.1,0,0.0,0.0,0.76,0.0,0.76,7.13,174.0,93.0,95.5,90.0,0.0,54.1,93.0,360,360,2.68,6.0,3.0,0,6,360,0,1,-25200,0,76,360,0,76,1,1788482940,0,0,0,0,0,713,0,1788620460,0,360,0,0,0,0,,0,0,181.102,360,2.12,19,19.304,2.37,0,0,0,0,0,1791074715,0
26802,2026-10-04T01:00:15,48.2,89.7,22.2,0,0.0,0.0,0.76,0.0,0.76,7.13,118.0,92.3,88.7,89.7,0.0,55.9,92.3,360,360,1.87,4.0,2.0,0,3,360,0,1,-25200,0,76,360,0,76,1,1788482940,0,0,0,0,0,713,0,1788620460,0,360,0,0,0,0,,0,0,181.102,360,1.75,19,19.304,2.0,0,0,0,0,0,1791075615,0
26803,2026-10-04T01:15:15,47.9,89.6,22.0,0,0.0,0.0,0.76,0.0,0.76,7.13,70.0,92.2,87.6,89.6,0.0,55.6,92.2,360,360,0.81,3.0,2.0,0,3,360,0,1,-25200,0,76,360,0,76,1,1788482940,0,0,0,0,0,713,0,1788620460,0,360,0,0,0,0,,0,0,181.102,360,1.0,19,19.304,0.81,0,0,0,0,0,1791076515,0
26804,2026-10-04T01:30:15,48.4,89.1,22.9,0,0.0,0.0,0.76,0.0,0.76,7.13,21.0,91.6,87.1,89.1,0.0,56.0,91.6,0,360,0.0,1.0,0.0,0,,360,0,1,-25200,0,76,,0,76,1,1788482940,0,0,0,0,0,713,0,1788620460,0,0,0,0,0,0,,0,0,181.102,0,0.0,19,19.304,0.0,0,0,0,0,0,1791077415,0
26805,2026-10-04T01:45:15,47.0,84.0,25.6,0,0.0,0.0,0.76,0.0,0.76,7.13,0.0,86.4,82.0,84.0,0.0,54.7,86.4,360,360,0.75,2.0,1.0,0,1,360,0,1,-25200,0,76,360,0,76,1,1788482940,0,0,0,0,0,713,0,1788620460,0,360,0,0,0,0,,0,0,181.102,360,0.56,19,19.304,0.56,0,0,0,0,0,1791078315,0
26806,2026-10-04T02:00:15,46.5,81.1,27.7,0,0.0,0.0,0.76,0.0,0.76,7.13,0.0,83.3,79.1,81.1,0.0,54.2,83.3,360,360,1.43,3.0,1.0,0,3,360,0,1,-25200,0,76,360,0,76,1,1788482940,0,0,0,0,0,713,0,1788620460,0,360,0,0,0,0,,0,0,181.102,360,1.75,19,19.304,1.62,0,0,0,0,0,1791079215,0
26807,2026-10-04T02:15:15,45.5,76.5,31.3,0,0.0,0.0,0.76,0.0,0.76,7.13,0.0,78.4,74.5,76.5,0.0,53.1,78.4,360,360,2.56,4.0,2.0,0,3,360,0,1,-25200,0,76,360,0,76,1,1788482940,0,0,0,0,0,713,0,1788620460,0,360,0,0,0,0,,0,0,181.102,360,2.56,19,19.304,2.5,0,0,0,0,0,1791080115,0
26808,2026-10-04T02:30:15,45.5,75.9,32.0,0,0.0,0.0,0.76,0.0,0.76,7.13,0.0,77.7,73.9,75.9,0.0,53.1,77.7,360,360,1.87,3.0,2.0,0,3,360,0,1,-25200,0,76,360,0,76,1,1788482940,0,0,0,0,0,713,0,1788620460,0,360,0,0,0,0,,0,0,181.102,360,2.0,19,19.304,2.25,0,0,0,0,0,1791081015,0
26809,2026-10-04T02:45:15,45.4,75.6,32.2,0,0.0,0.0,0.76,0.0,0.76,7.13,0.0,77.4,73.6,75.6,0.0,53.0,77.4,360,360,2.06,3.0,1.0,0,3,360,0,1,-25200,0,76,360,0,76,1,1788482940,0,0,0,0,0,713,0,1788620460,0,360,0,0,0,0,,0,0,181.102,360,1.68,19,19.304,1.43,0,0,0,0,0,1791081915,0
26810,2026-10-04T03:00:15,45.5,75.4,32.6,0,0.0,0.0,0.76,0.0,0.76,7.13,0.0,77.1,73.4,75.4,0.0,53.0,77.1,360,360,1.68,3.0,2.0,0,3,360,0,1,-25200,0,76,360,0,76,1,1788482940,0,0,0,0,0,713,0,1788620460,0,360,0,0,0,0,,0,0,181.102,360,1.75,19,19.304,1.87,0,0,0,0,0,1791082815,0
26811,2026-10-04T03:15:15,44.8,74.6,32.7,0,0.0,0.0,0.76,0.0,0.76,7.13,0.0,76.3,72.6,74.6,0.0,52.4,76.3,360,360,1.25,2.0,1.0,0,2,360,0,1,-25200,0,76,360,0,76,1,1788482940,0,0,0,0,0,713,0,1788620460,0,360,0,0,0,0,,0,0,181.102,360,1.0,19,19.304,1.0,0,0,0,0,0,1791083715,0
26812,2026-10-04T03:30:15,45.6,73.7,34.9,0,0.0,0.0,0.76,0.0,0.76,7.13,0.0,75.2,71.7,73.7,0.0,52.9,75.2,360,360,1.43,2.0,1.0,0,2,360,0,1,-25200,0,76,360,0,76,1,1788482940,0,0,0,0,0,713,0,1788620460,0,360,0,0,0,0,,0,0,181.102,360,1.18,19,19.304,1.18,0,0,0,0,0,1791084615,0
26813,2026-10-04T03:45:15,45.5,72.5,36.3,0,0.0,0.0,0.76,0.0,0.76,7.13,0.0,73.9,70.5,72.5,0.0,52.7,73.9,360,360,1.56,3.0,2.0,0,2,360,0,1,-25200,0,76,360,0,76,1,1788482940,0,0,0,0,0,713,0,1788620460,0,360,0,0,0,0,,0,0,181.102,360,1.31,19,19.304,1.43,0,0,0,0,0,1791085515,0
26814,2026-10-04T04:00:15,45.8,70.3,38.8,0,0.0,0.0,0.76,0.0,0.76,7.13,0.0,72.3,68.3,70.3,0.0,52.8,72.3,360,360,1.18,3.0,2.0,0,2,360,0,1,-25200,0,76,360,0,76,1,1788482940,0,0,0,0,0,713,0,1788620460,0,360,0,0,0,0,,0,0,181.102,360,1.31,19,19.304,1.18,0,0,0,0,0,1791086415,0
26815,2026-10-04T04:15:15,45.9,69.7,39.7,0,0.0,0.0,0.76,0.0,0.76,7.13,0.0,71.7,67.7,69.7,0.0,52.8,71.7,360,360,1.18,3.0,2.0,0,3,360,0,1,-25200,0,76,360,0,76,1,1788482940,0,0,0,0,0,713,0,1788620460,0,360,0,0,0,0,,0,0,181.102,360,1.37,19,19.304,1.62,0,0,0,0,0,1791087315,0
26816,2026-10-04T04:30:15,45.2,69.1,39.4,0,0.0,0.0,0.76,0.0,0.76,7.13,0.0,71.2,67.1,69.1,0.0,52.2,71.2,360,360,1.25,3.0,1.0,0,3,360,0,1,-25200,0,76,360,0,76,1,1788482940,0,0,0,0,0,713,0,1788620460,0,360,0,0,0,0,,0,0,181.102,360,1.31,19,19.304,1.37,0,0,0,0,0,1791088215,0
26817,2026-10-04T04:45:15,45.1,69.3,39.0,0,0.0,0.0,0.76,0.0,0.76,7.13,0.0,71.4,67.3,69.3,0.0,52.2,71.4,360,360,1.31,3.0,1.0,0,3,360,0,1,-25200,0,76,360,0,76,1,1788482940,0,0,0,0,0,713,0,1788620460,0,360,0,0,0,0,,0,0,181.102,360,1.5,19,19.304,1.68,0,0,0,0,0,1791089115,0
26818,2026-10-04T05:00:15,45.0,68.7,39.7,0,0.0,0.0,0.76,0.0,0.76,7.13,0.0,70.7,66.7,68.7,0.0,52.0,70.7,360,360,1.37,3.0,1.0,0,2,360,0,1,-25200,0,76,360,0,76,1,1788482940,0,0,0,0,0,713,0,1788620460,0,360,0,0,0,0,,0,0,181.102,360,1.06,19,19.304,1.18,0,0,0,0,0,1791090015,0
26819,2026-10-04T05:15:14,44.8,68.1,40.3,0,0.0,0.0,0.76,0.0,0.76,7.13,0.0,70.1,66.1,68.1,0.0,51.8,70.1,360,360,1.37,3.0,1.0,0,3,360,0,1,-25200,0,76,360,0,76,1,1788482940,0,0,0,0,0,713,0,1788620460,0,360,0,0,0,0,,0,0,181.102,360,1.68,19,19.304,1.62,0,0,0,0,0,1791090914,0
26820,2026-10-04T05:30:14,45.1,67.1,42.2,0,0.0,0.0,0.76,0.0,0.76,7.13,0.0,69.0,65.1,67.1,0.0,51.9,69.0,360,360,1.18,3.0,1.0,0,2,360,0,1,-25200,0,76,360,0,76,1,1788482940,0,0,0,0,0,713,0,1788620460,0,360,0,0,0,0,,0,0,181.102,360,1.06,19,19.304,1.25,0,0,0,0,0,1791091814,0
26821,2026-10-04T05:45:14,45.3,64.8,46.2,0,0.0,0.0,0.76,0.0,0.76,7.13,0.0,66.6,62.8,64.8,0.0,51.6,66.6,360,360,1.18,2.0,2.0,0,2,360,0,1,-25200,0,76,360,0,76,1,1788482940,0,0,0,0,0,713,0,1788620460,0,360,0,0,0,0,,0,0,181.102,360,1.5,19,19.304,1.5,0,0,0,0,0,1791092714,0
26822,2026-10-04T06:00:14,44.6,64.0,46.0,0,0.0,0.0,0.76,0.0,0.76,7.13,0.0,66.0,62.0,64.0,0.0,51.0,66.0,360,360,0.62,3.0,1.0,0,3,360,0,1,-25200,0,76,360,0,76,1,1788482940,0,0,0,0,0,713,0,1788620460,0,360,0,0,0,0,,0,0,181.102,360,1.25,19,19.304,1.25,0,0,0,0,0,1791093614,0
26823,2026-10-04T06:15:14,44.5,64.0,45.8,0,0.0,0.0,0.76,0.0,0.76,7.13,0.0,66.0,62.0,64.0,0.0,51.0,66.0,360,360,1.12,3.0,2.0,0,2,360,0,1,-25200,0,76,360,0,76,1,1788482940,0,0,0,0,0,713,0,1788620460,0,360,0,0,0,0,,0,0,181.102,360,1.0,19,19.304,1.06,0,0,0,0,0,1791094514,0
26824,2026-10-04T06:30:14,44.2,63.4,46.0,0,0.0,0.0,0.76,0.0,0.76,7.13,0.0,65.5,61.4,63.4,0.0,50.7,65.5,360,360,1.37,2.0,1.0,0,2,360,0,1,-25200,0,76,360,0,76,1,1788482940,0,0,0,0,0,713,0,1788620460,0,360,0,0,0,0,,0,0,181.102,360,1.62,19,19.304,1.56,0,0,0,0,0,1791095414,0
26825,2026-10-04T06:45:14,44.0,63.3,45.8,0,0.0,0.0,0.76,0.0,0.76,7.13,0.0,65.4,61.3,63.3,0.0,50.5,65.4,360,360,0.81,2.0,1.0,0,2,360,0,1,-25200,0,76,360,0,76,1,1788482940,0,0,0,0,0,713,0,1788620460,0,360,0,0,0,0,,0,0,181.102,0,0.31,19,19.304,0.0,0,0,0,0,0,1791096314,0
26826,2026-10-04T07:00:14,44.2,62.4,47.5,0,0.0,0.0,0.76,0.0,0.76,7.13,0.0,64.6,60.4,62.4,0.0,50.5,64.6,360,360,1.31,4.0,1.0,0,2,360,0,1,-25200,0,76,360,0,76,1,1788482940,0,0,0,0,0,713,0,1788620460,0,360,0,0,0,0,,0,0,181.102,360,1.12,19,19.304,1.37,0,0,0,0,0,1791097214,0
26827,2026-10-04T07:15:14,44.1,62.0,48.1,0,0.0,0.0,0.76,0.0,0.76,7.13,0.0,64.2,60.0,62.0,0.0,50.4,64.2,0,360,1.0,3.0,0.0,0,2,360,0,1,-25200,0,76,360,0,76,1,1788482940,0,0,0,0,0,713,0,1788620460,0,360,0,0,0,0,,0,0,181.102,360,0.43,19,19.304,0.25,0,0,0,0,0,1791098114,0
26828,2026-10-04T07:30:14,43.1,63.1,44.5,0,0.0,0.0,0.76,0.0,0.76,7.13,0.0,65.3,61.1,63.1,0.0,49.9,65.3,360,360,0.25,2.0,2.0,0,2,360,0,1,-25200,0,76,360,0,76,1,1788482940,0,0,0,0,0,713,0,1788620460,0,360,0,0,0,0,,0,0,181.102,360,0.37,19,19.304,0.56,0,0,0,0,0,1791099014,0
26829,2026-10-04T07:45:14,44.4,64.4,45.1,0,0.0,0.0,0.76,0.0,0.76,7.13,0.0,66.3,62.4,64.4,0.0,50.9,66.3,0,360,0.56,2.0,0.0,0,2,360,0,1,-25200,0,76,360,0,76,1,1788482940,0,0,0,0,0,713,0,1788620460,0,360,0,0,0,0,,0,0,181.102,360,1.06,19,19.304,1.12,0,0,0,0,0,1791099914,0
26830,2026-10-04T08:00:14,43.2,65.1,42.1,0,0.0,0.0,0.76,0.0,0.76,7.13,0.0,67.0,63.1,65.1,0.0,50.2,67.0,360,360,1.0,4.0,1.0,0,3,360,0,1,-25200,0,76,360,0,76,1,1788482940,0,0,0,0,0,713,0,1788620460,0,360,0,0,0,0,,0,0,181.102,360,1.25,19,19.304,1.31,0,0,0,0,0,1791100814,0
26831,2026-10-04T08:15:14,43.4,67.6,38.4,0,0.0,0.0,0.76,0.0,0.76,7.13,0.0,69.9,65.6,67.6,0.0,50.8,69.9,0,360,1.31,3.0,0.0,0,3,360,0,1,-25200,0,76,360,0,76,1,1788482940,0,0,0,0,0,713,0,1788620460,0,360,0,0,0,0,,0,0,181.102,360,1.12,19,19.304,0.81,0,0,0,0,0,1791101714,0
26832,2026-10-04T08:30:14,43.8,63.5,45.2,0,0.0,0.0,0.76,0.0,0.76,7.13,0.0,65.6,61.5,63.5,0.0,50.4,65.6,360,360,1.37,3.0,2.0,0,3,360,0,1,-25200,0,76,360,0,76,1,1788482940,0,0,0,0,0,713,0,1788620460,0,360,0,0,0,0,,0,0,181.102,360,1.75,19,19.304,1.5,0,0,0,0,0,1791102614,0
26833,2026-10-04T08:45:14,43.7,62.1,47.1,0,0.0,0.0,0.76,0.0,0.76,7.13,0.0,64.3,60.1,62.1,0.0,50.1,64.3,360,360,1.18,3.0,1.0,0,2,360,0,1,-25200,0,76,360,0,76,1,1788482940,0,0,0,0,0,713,0,1788620460,0,360,0,0,0,0,,0,0,181.102,360,0.81,19,19.304,0.75,0,0,0,0,0,1791103514,0
26834,2026-10-04T09:00:14,43.3,61.3,47.7,0,0.0,0.0,0.76,0.0,0.76,7.13,0.0,63.5,59.3,61.3,0.0,49.7,63.5,360,360,1.56,3.0,2.0,0,3,360,0,1,-25200,0,76,360,0,76,1,1788482940,0,0,0,0,0,713,0,1788620460,0,360,0,0,0,0,,0,0,181.102,360,2.0,19,19.304,2.0,0,0,0,0,0,1791104414,0
26835,2026-10-04T09:15:14,43.8,61.4,48.4,0,0.0,0.0,0.76,0.0,0.76,7.13,0.0,63.6,59.4,61.4,0.0,50.1,63.6,360,360,1.43,3.0,3.0,0,3,360,0,1,-25200,0,76,360,0,76,1,1788482940,0,0,0,0,0,713,0,1788620460,0,360,0,0,0,0,,0,0,181.102,360,1.87,19,19.304,2.0,0,0,0,0,0,1791105314,0
26836,2026-10-04T09:30:14,43.5,60.8,49.1,0,0.0,0.0,0.76,0.0,0.76,7.13,0.0,62.9,58.8,60.8,0.0,49.7,62.9,360,360,1.56,3.0,2.0,0,3,360,0,1,-25200,0,76,360,0,76,1,1788482940,0,0,0,0,0,713,0,1788620460,0,360,0,0,0,0,,0,0,181.102,360,1.62,19,19.304,1.81,0,0,0,0,0,1791106214,0
26837,2026-10-04T09:45:14,43.3,60.0,50.5,0,0.0,0.0,0.76,0.0,0.76,7.13,0.0,61.9,58.0,60.0,0.0,49.4,61.9,360,360,1.62,3.0,3.0,0,3,360,0,1,-25200,0,76,360,0,76,1,1788482940,0,0,0,0,0,713,0,1788620460,0,360,0,0,0,0,,0,0,181.102,360,1.93,19,19.304,2.25,0,0,0,0,0,1791107114,0
26838,2026-10-04T10:00:14,42.7,59.8,49.5,0,0.0,0.0,0.76,0.0,0.76,7.13,0.0,61.8,57.8,59.8,0.0,49.0,61.8,360,360,1.31,3.0,1.0,0,2,360,0,1,-25200,0,76,360,0,76,1,1788482940,0,0,0,0,0,713,0,1788620460,0,360,0,0,0,0,,0,0,181.102,360,1.06,19,19.304,1.0,0,0,0,0,0,1791108014,0
26839,2026-10-04T10:15:14,43.4,60.0,50.7,0,0.0,0.0,0.76,0.0,0.76,7.13,0.0,61.9,58.0,60.0,0.0,49.5,61.9,360,360,1.43,3.0,2.0,0,3,360,0,1,-25200,0,76,360,0,76,1,1788482940,0,0,0,0,0,713,0,1788620460,0,360,0,0,0,0,,0,0,181.102,360,1.25,19,19.304,1.12,0,0,0,0,0,1791108914,0
26840,2026-10-04T10:30:14,43.2,59.6,51.1,0,0.0,0.0,0.76,0.0,0.76,7.13,0.0,61.5,57.6,59.6,0.0,49.2,61.5,360,360,1.5,3.0,2.0,0,3,360,0,1,-25200,0,76,360,0,76,1,1788482940,0,0,0,0,0,713,0,1788620460,0,360,0,0,0,0,,0,0,181.102,360,2.0,19,19.304,2.25,0,0,0,0,0,1791109814,0
26841,2026-10-04T10:45:14,42.6,60.5,47.8,0,0.0,0.0,0.76,0.0,0.76,7.13,0.0,62.7,58.5,60.5,0.0,49.1,62.7,360,360,1.25,3.0,1.0,0,1,360,0,1,-25200,0,76,360,0,76,1,1788482940,0,0,0,0,0,713,0,1788620460,0,360,0,0,0,0,,0,0,181.102,360,0.62,19,19.304,0.62,0,0,0,0,0,1791110714,0
26842,2026-10-04T11:00:14,42.3,60.1,47.9,0,0.0,0.0,0.76,0.0,0.76,7.13,0.0,62.3,58.1,60.1,0.0,48.8,62.3,360,360,1.56,3.0,1.0,0,2,360,0,1,-25200,0,76,360,0,76,1,1788482940,0,0,0,0,0,713,0,1788620460,0,360,0,0,0,0,,0,0,181.102,360,1.25,19,19.304,1.18,0,0,0,0,0,1791111614,0
26843,2026-10-04T11:15:14,43.6,61.2,48.4,0,0.0,0.0,0.76,0.0,0.76,7.13,0.0,63.4,59.2,61.2,0.0,49.9,63.4,360,360,1.5,4.0,3.0,0,3,360,0,1,-25200,0,76,360,0,76,1,1788482940,0,0,0,0,0,713,0,1788620460,0,360,0,0,0,0,,0,0,181.102,360,1.12,19,19.304,1.37,0,0,0,0,0,1791112514,0
26844,2026-10-04T11:30:14,43.5,60.7,49.5,0,0.0,0.0,0.76,0.0,0.76,7.13,0.0,62.7,58.7,60.7,0.0,49.7,62.7,360,360,1.06,3.0,1.0,0,2,360,0,1,-25200,0,76,360,0,76,1,1788482940,0,0,0,0,0,713,0,1788620460,0,360,0,0,0,0,,0,0,181.102,360,0.81,19,19.304,1.0,0,0,0,0,0,1791113414,0
26845,2026-10-04T11:45:14,43.0,59.9,49.9,0,0.0,0.0,0.76,0.0,0.76,7.13,0.0,61.9,57.9,59.9,0.0,49.2,61.9,0,360,1.06,3.0,0.0,0,1,360,0,1,-25200,0,76,360,0,76,1,1788482940,0,0,0,0,0,713,0,1788620460,0,360,0,0,0,0,,0,0,181.102,360,0.18,19,19.304,0.12,0,0,0,0,0,1791114314,0
26846,2026-10-04T12:00:14,42.3,60.2,47.8,0,0.0,0.0,0.76,0.0,0.76,7.13,0.0,62.4,58.2,60.2,0.0,48.8,62.4,360,360,1.31,3.0,1.0,0,2,360,0,1,-25200,0,76,360,0,76,1,1788482940,0,0,0,0,0,713,0,1788620460,0,360,0,0,0,0,,0,0,181.102,360,0.87,19,19.304,0.81,0,0,0,0,0,1791115214,0
26847,2026-10-04T12:15:15,42.7,60.1,48.8,0,0.0,0.0,0.76,0.0,0.76,7.13,0.0,62.2,58.1,60.1,0.0,49.0,62.2,360,360,1.37,3.0,1.0,0,2,360,0,1,-25200,0,76,360,0,76,1,1788482940,0,0,0,0,0,713,0,1788620460,0,360,0,0,0,0,,0,0,181.102,360,1.37,19,19.304,1.25,0,0,0,0,0,1791116115,0
26848,2026-10-04T12:30:15,42.1,60.2,47.2,0,0.0,0.0,0.76,0.0,0.76,7.13,0.0,62.5,58.2,60.2,0.0,48.7,62.5,360,360,0.68,3.0,2.0,0,2,360,0,1,-25200,0,76,360,0,76,1,1788482940,0,0,0,0,0,713,0,1788620460,0,360,0,0,0,0,,0,0,181.102,360,1.06,19,19.304,1.18,0,0,0,0,0,1791117015,0
26849,2026-10-04T12:45:15,42.0,60.8,45.8,0,0.0,0.0,0.76,0.0,0.76,7.13,0.0,63.2,58.8,60.8,0.0,48.8,63.2,360,360,1.12,3.0,1.0,0,2,360,0,1,-25200,0,76,360,0,76,1,1788482940,0,0,0,0,0,713,0,1788620460,0,360,0,0,0,0,,0,0,181.102,360,0.75,19,19.304,0.68,0,0,0,0,0,1791117915,0
26850,2026-10-04T13:00:15,42.3,61.3,45.6,0,0.0,0.0,0.76,0.0,0.76,7.13,0.0,63.7,59.3,61.3,0.0,49.1,63.7,360,360,1.43,3.0,1.0,0,3,360,0,1,-25200,0,76,360,0,76,1,1788482940,0,0,0,0,0,713,0,1788620460,0,360,0,0,0,0,,0,0,181.102,360,1.12,19,19.304,0.81,0,0,0,0,0,1791118815,0
26851,2026-10-04T13:15:15,41.7,60.9,45.1,0,0.0,0.0,0.76,0.0,0.76,7.13,0.0,63.4,58.9,60.9,0.0,48.6,63.4,360,360,1.12,3.0,2.0,0,3,360,0,1,-25200,0,76,360,0,76,1,1788482940,0,0,0,0,0,713,0,1788620460,0,360,0,0,0,0,,0,0,181.102,360,1.93,19,19.304,2.06,0,0,0,0,0,1791119715,0
26852,2026-10-04T13:30:15,42.3,61.5,45.1,0,0.0,0.0,0.76,0.0,0.76,7.13,0.0,64.0,59.5,61.5,0.0,49.1,64.0,360,360,1.31,3.0,2.0,0,2,360,0,1,-25200,0,76,360,0,76,1,1788482940,0,0,0,0,0,713,0,1788620460,0,360,0,0,0,0,,0,0,181.102,360,1.25,19,19.304,1.37,0,0,0,0,0,1791120615,0
26853,2026-10-04T13:45:15,41.8,60.3,46.5,0,0.0,0.0,0.76,0.0,0.76,7.13,0.0,62.6,58.3,60.3,0.0,48.5,62.6,360,360,1.5,4.0,2.0,0,2,360,0,1,-25200,0,76,360,0,76,1,1788482940,0,0,0,0,0,713,0,1788620460,0,360,0,0,0,0,,0,0,181.102,360,1.25,19,19.304,1.25,0,0,0,0,0,1791121515,0
26854,2026-10-04T14:00:15,41.6,60.2,46.1,0,0.0,0.0,0.76,0.0,0.76,7.13,0.0,62.6,58.2,60.2,0.0,48.4,62.6,360,360,1.0,3.0,1.0,0,2,360,0,1,-25200,0,76,360,0,76,1,1788482940,0,0,0,0,0,713,0,1788620460,0,360,0,0,0,0,,0,0,181.102,360,1.12,19,19.304,1.12,0,0,0,0,0,1791122415,0
26855,2026-10-04T14:15:15,41.6,61.5,43.8,0,0.0,0.0,0.76,0.0,0.76,7.13,9.0,64.1,59.5,61.5,0.0,48.6,64.1,0,360,1.56,3.0,0.0,0,2,360,0,1,-25200,0,76,360,0,76,1,1788482940,0,0,0,0,0,713,0,1788620460,0,360,0,0,0,0,,0,0,181.102,360,0.87,19,19.304,0.87,0,0,0,0,0,1791123315,0
26856,2026-10-04T14:30:15,41.7,61.6,43.8,0,0.0,0.0,0.76,0.0,0.76,7.13,21.0,64.2,59.6,61.6,0.0,48.7,64.2,360,360,1.43,3.0,1.0,0,3,360,0,1,-25200,0,76,360,0,76,1,1788482940,0,0,0,0,0,713,0,1788620460,0,360,0,0,0,0,,0,0,181.102,360,1.31,19,19.304,0.87,0,0,0,0,0,1791124215,0
26857,2026-10-04T14:45:15,44.0,62.5,47.0,0,0.0,0.0,0.76,0.0,0.76,7.13,39.0,64.7,60.5,62.5,0.0,50.4,64.7,360,360,1.18,3.0,1.0,0,3,360,0,1,-25200,0,76,360,0,76,1,1788482940,0,0,0,0,0,713,0,1788620460,0,360,0,0,0,0,,0,0,181.102,360,1.25,19,19.304,1.12,0,0,0,0,0,1791125115,0
26858,2026-10-04T15:00:15,42.5,63.3,43.1,0,0.0,0.0,0.76,0.0,0.76,7.13,49.0,65.5,61.3,63.3,0.0,49.5,65.5,0,360,0.5,2.0,0.0,0,1,360,0,1,-25200,0,76,360,0,76,1,1788482940,0,0,0,0,0,713,0,1788620460,0,360,0,0,0,0,,0,0,181.102,360,0.12,19,19.304,0.0,0,0,0,0,0,1791126015,0
26859,2026-10-04T15:15:15,45.2,64.1,46.9,0,0.0,0.0,0.76,0.0,0.76,7.13,63.0,66.1,62.7,64.1,0.0,51.5,66.1,360,360,0.56,2.0,1.0,0,2,360,0,1,-25200,0,76,360,0,76,1,1788482940,0,0,0,0,0,713,0,1788620460,0,360,0,0,0,0,,0,0,181.102,360,0.75,19,19.304,0.68,0,0,0,0,0,1791126915,0
26860,2026-10-04T15:30:15,46.5,65.3,47.8,0,0.0,0.0,0.76,0.0,0.76,7.13,109.0,66.9,64.5,65.3,0.0,52.5,66.9,0,360,0.5,2.0,0.0,0,2,360,0,1,-25200,0,76,360,0,76,1,1788482940,0,0,0,0,0,713,0,1788620460,0,360,0,0,0,0,,0,0,181.102,360,0.37,19,19.304,0.43,0,0,0,0,0,1791127815,0
26861,2026-10-04T15:45:15,45.0,66.7,42.8,0,0.0,0.0,0.76,0.0,0.76,7.13,84.0,68.5,66.1,66.7,0.0,51.7,68.5,0,0,0.0,0.0,0.0,0,0,0,0,1,-25200,0,76,0,0,76,1,1788482940,0,0,0,0,0,713,0,1788620460,0,0,0,0,0,0,,0,0,181.102,0,0.0,19,19.304,0.0,0,0,0,0,0,1791128715,0
26862,2026-10-04T16:00:15,45.2,68.1,40.8,0,0.0,0.0,0.76,0.0,0.76,7.13,111.0,70.1,67.9,68.1,0.0,52.1,70.1,360,360,0.18,2.0,1.0,0,1,360,0,1,-25200,0,76,360,0,76,1,1788482940,0,0,0,0,0,713,0,1788620460,0,360,0,0,0,0,,0,0,181.102,360,0.0,19,19.304,0.0,0,0,0,0,0,1791129615,0
26863,2026-10-04T16:15:15,43.9,69.6,36.4,0,0.0,0.0,0.76,0.0,0.76,7.13,114.0,72.0,69.7,69.6,0.0,51.4,72.0,360,360,0.56,3.0,1.0,0,1,360,0,1,-25200,0,76,360,0,76,1,1788482940,0,0,0,0,0,713,0,1788620460,0,360,0,0,0,0,,0,0,181.102,360,0.25,19,19.304,0.31,0,0,0,0,0,1791130515,0
26864,2026-10-04T16:30:15,46.6,72.2,38.3,0,0.0,0.0,0.76,0.0,0.76,7.13,118.0,73.6,72.5,72.2,0.6,53.5,73.6,0,360,0.25,2.0,0.0,0,,360,0,1,-25200,0,76,,0,76,1,1788482940,0,0,0,0,0,713,0,1788620460,0,0,0,0,0,0,,0,0,181.102,0,0.0,19,19.304,0.0,0,0,0,0,0,1791131415,0
26865,2026-10-04T16:45:15,46.4,73.1,36.9,0,0.0,0.0,0.76,0.0,0.76,7.13,114.0,74.4,73.3,73.1,0.7,53.5,74.4,0,0,0.0,1.0,0.0,0,0,360,0,1,-25200,0,76,0,0,76,1,1788482940,0,0,0,0,0,713,0,1788620460,0,0,0,0,0,0,,0,0,181.102,0,0.0,19,19.304,0.0,0,0,0,0,0,1791132315,0
26866,2026-10-04T17:00:15,46.5,74.3,35.5,0,0.0,0.0,0.76,0.0,0.76,7.13,134.0,75.7,74.9,74.3,0.9,53.7,75.7,0,0,0.0,0.0,0.0,0,0,0,0,1,-25200,0,76,0,0,76,1,1788482940,0,0,0,0,0,713,0,1788620460,0,0,0,0,0,0,,0,0,181.102,0,0.0,19,19.304,0.0,0,0,0,0,0,1791133215,0
26867,2026-10-04T17:15:15,46.8,75.6,34.2,0,0.0,0.0,0.76,0.0,0.76,7.13,160.0,77.2,76.5,75.6,1.0,54.0,77.2,360,360,0.81,3.0,1.0,0,2,360,0,1,-25200,0,76,360,0,76,1,1788482940,0,0,0,0,0,713,0,1788620460,0,360,0,0,0,0,,0,0,181.102,360,0.25,19,19.304,0.37,0,0,0,0,0,1791134115,0
26868,2026-10-04T17:30:15,48.4,78.0,33.6,0,0.0,0.0,0.76,0.0,0.76,7.13,193.0,79.6,80.4,78.0,1.2,55.5,79.6,360,360,2.0,4.0,3.0,0,4,360,0,1,-25200,0,76,360,0,76,1,1788482940,0,0,0,0,0,713,0,1788620460,0,360,0,0,0,0,,0,0,181.102,360,1.93,19,19.304,2.56,0,0,0,0,0,1791135015,0
26869,2026-10-04T17:45:15,47.9,79.9,30.6,0,0.0,0.0,0.76,0.0,0.76,7.13,199.0,81.8,82.1,79.9,1.3,55.2,81.8,0,360,1.62,4.0,0.0,0,2,360,0,1,-25200,0,76,360,0,76,1,1788482940,0,0,0,0,0,713,0,1788620460,0,360,0,0,0,0,,0,0,181.102,360,1.06,19,19.304,0.62,0,0,0,0,0,1791135915,0
26870,2026-10-04T18:00:15,48.4,80.7,30.3,0,0.0,0.0,0.76,0.0,0.76,7.13,220.0,82.7,83.2,80.7,1.5,55.7,82.7,0,360,1.12,4.0,0.0,0,3,360,0,1,-25200,0,76,360,0,76,1,1788482940,0,0,0,0,0,713,0,1788620460,0,360,0,0,0,0,,0,0,181.102,360,1.31,19,19.304,1.06,0,0,0,0,0,1791136815,0
26871,2026-10-04T18:15:15,48.6,81.8,29.5,0,0.0,0.0,0.76,0.0,0.76,7.13,225.0,83.8,84.3,81.8,1.7,55.9,83.8,360,360,2.06,5.0,2.0,0,4,360,0,1,-25200,0,76,360,0,76,1,1788482940,0,0,0,0,0,713,0,1788620460,0,360,0,0,0,0,,0,0,181.102,360,2.18,19,19.304,2.18,0,0,0,0,0,1791137715,0
26872,2026-10-04T18:30:15,50.6,83.5,30.1,0,0.0,0.0,0.76,0.0,0.76,7.13,167.0,85.5,86.0,83.5,1.9,57.6,85.5,360,360,2.31,5.0,3.0,0,4,360,0,1,-25200,0,76,360,0,76,1,1788482940,0,0,0,0,0,713,0,1788620460,0,360,0,0,0,0,,0,0,181.102,360,2.37,19,19.304,2.56,0,0,0,0,0,1791138615,0
26873,2026-10-04T18:45:15,50.4,85.4,27.9,0,0.0,0.0,0.76,0.0,0.76,7.13,144.0,87.6,87.6,85.4,1.6,57.5,87.6,360,360,2.0,5.0,3.0,0,3,360,0,1,-25200,0,76,360,0,76,1,1788482940,0,0,0,0,0,713,0,1788620460,0,360,0,0,0,0,,0,0,181.102,360,1.31,19,19.304,1.0,0,0,0,0,0,1791139515,0
26874,2026-10-04T19:00:15,50.6,85.5,28.1,0,0.0,0.0,0.76,0.0,0.76,7.13,188.0,87.7,87.1,85.5,1.6,57.7,87.7,0,360,0.81,3.0,0.0,0,2,360,0,1,-25200,0,76,360,0,76,1,1788482940,0,0,0,0,0,713,0,1788620460,0,360,0,0,0,0,,0,0,181.102,360,0.43,19,19.304,0.37,0,0,0,0,0,1791140415,0
26875,2026-10-04T19:15:15,50.6,86.1,27.4,0,0.0,0.0,0.76,0.0,0.76,7.13,250.0,88.4,89.6,86.1,1.8,57.7,88.4,0,359,1.0,3.0,0.0,0,3,360,0,1,-25200,0,76,311,0,76,1,1788482940,0,0,0,0,0,713,0,1788620460,0,356,0,0,0,0,,0,0,181.102,356,1.18,19,19.304,1.56,0,0,0,0,0,1791141315,0
26876,2026-10-04T19:30:15,51.8,87.3,27.7,0,0.0,0.0,0.76,0.0,0.76,7.13,316.0,89.5,91.3,87.3,2.0,58.8,89.5,295,341,1.25,4.0,2.0,0,2,360,0,1,-25200,0,76,360,0,76,1,1788482940,0,0,0,0,0,713,0,1788620460,0,328,0,0,0,0,,0,0,181.102,327,1.12,19,19.304,1.0,0,0,0,0,0,1791142215,0
26877,2026-10-04T19:45:15,51.3,88.4,26.3,0,0.0,0.0,0.76,0.0,0.76,7.13,575.0,90.6,99.1,88.4,3.3,58.4,90.6,360,321,2.37,5.0,1.0,0,4,360,0,1,-25200,0,76,360,0,76,1,1788482940,0,0,0,0,0,713,0,1788620460,0,358,0,0,0,0,,0,0,181.102,356,1.75,19,19.304,1.68,0,0,0,0,0,1791143115,0
26878,2026-10-04T20:00:15,50.9,90.1,24.6,0,0.0,0.0,0.76,0.0,0.76,7.13,882.0,92.2,101.4,90.1,4.0,58.1,92.2,360,357,2.12,5.0,1.0,0,4,360,0,1,-25200,0,76,360,0,76,1,1788482940,0,0,0,0,0,713,0,1788620460,0,360,0,0,0,0,,0,0,181.102,360,2.68,19,19.304,2.43,0,0,0,0,0,1791144015,0
26879,2026-10-04T20:15:14,52.5,90.6,26.0,0,0.0,0.0,0.76,0.0,0.76,7.13,540.0,92.4,97.4,90.6,2.1,59.4,92.4,360,360,2.0,5.0,4.0,0,4,360,0,1,-25200,0,76,360,0,76,1,1788482940,0,0,0,0,0,713,0,1788620460,0,360,0,0,0,0,,0,0,181.102,360,2.62,19,19.304,2.62,0,0,0,0,0,1791144914,0
26880,2026-10-04T20:30:15,50.6,89.4,24.9,0,0.0,0.0,0.76,0.0,0.76,7.13,218.0,91.5,92.8,89.4,1.6,57.8,91.5,286,340,2.18,4.0,6.0,0,4,360,0,1,-25200,0,76,275,0,76,1,1788482940,0,0,0,0,0,713,0,1788620460,0,281,0,0,0,0,,0,0,181.102,293,2.62,19,19.304,2.62,0,0,0,0,0,1791145815,0
26881,2026-10-04T20:45:15,50.6,88.2,25.7,0,0.0,0.0,0.76,0.0,0.76,7.13,183.0,90.5,90.7,88.2,1.2,57.8,90.5,360,264,1.87,4.0,1.0,0,4,282,0,1,-25200,0,76,270,0,76,1,1788482940,0,0,0,0,0,713,0,1788620460,0,266,0,0,0,0,,0,0,181.102,273,1.93,19,19.304,1.75,0,0,0,0,0,1791146715,0
26882,2026-10-04T21:00:15,50.2,87.4,25.9,0,0.0,0.0,0.76,0.0,0.76,7.13,207.0,89.8,89.1,87.4,1.2,57.5,89.8,275,327,1.56,3.0,1.0,0,2,360,0,1,-25200,0,76,360,0,76,1,1788482940,0,0,0,0,0,713,0,1788620460,0,296,0,0,0,0,,0,0,181.102,292,1.0,19,19.304,1.0,0,0,0,0,0,1791147615,0
26883,2026-10-04T21:15:15,49.8,88.1,24.9,0,0.0,0.0,0.76,0.0,0.76,7.13,388.0,90.5,93.3,88.1,2.7,57.2,90.5,275,277,1.0,3.0,1.0,0,2,275,0,1,-25200,0,76,275,0,76,1,1788482940,0,0,0,0,0,713,0,1788620460,0,281,0,0,0,0,,0,0,181.102,285,0.87,19,19.304,0.87,0,0,0,0,0,1791148515,0
26884,2026-10-04T21:30:15,50.7,89.5,24.9,0,0.0,0.0,0.76,0.0,0.76,7.13,508.0,91.6,96.3,89.5,2.5,57.9,91.6,0,291,1.5,3.0,0.0,0,3,270,0,1,-25200,0,76,274,0,76,1,1788482940,0,0,0,0,0,713,0,1788620460,0,275,0,0,0,0,,0,0,181.102,275,1.37,19,19.304,1.5,0,0,0,0,0,1791149415,0
26885,2026-10-04T21:45:15,48.1,89.6,22.3,0,0.0,0.0,0.76,0.0,0.76,7.13,420.0,92.1,95.5,89.6,2.4,55.8,92.1,0,289,1.81,4.0,0.0,0,3,291,0,1,-25200,0,76,271,0,76,1,1788482940,0,0,0,0,0,713,0,1788620460,0,272,0,0,0,0,,0,0,181.102,272,2.06,19,19.304,1.75,0,0,0,0,0,1791150315,0
26886,2026-10-04T22:00:15,50.2,89.6,24.3,0,0.0,0.0,0.76,0.0,0.76,7.13,179.0,91.8,91.8,89.6,1.1,57.5,91.8,0,302,0.81,4.0,0.0,0,,267,0,1,-25200,0,76,,0,76,1,1788482940,0,0,0,0,0,713,0,1788620460,0,268,0,0,0,0,,0,0,181.102,0,0.06,19,19.304,0.0,0,0,0,0,0,1791151215,0
26887,2026-10-04T22:15:15,51.9,89.3,26.3,0,0.0,0.0,0.76,0.0,0.76,7.13,207.0,91.3,91.3,89.3,1.2,58.9,91.3,0,288,0.87,3.0,0.0,0,1,268,0,1,-25200,0,76,268,0,76,1,1788482940,0,0,0,0,0,713,0,1788620460,0,278,0,0,0,0,,0,0,181.102,283,0.62,19,19.304,0.62,0,0,0,0,0,1791152115,0
26888,2026-10-04T22:30:15,51.5,91.1,24.4,0,0.0,0.0,0.76,0.0,0.76,7.13,584.0,93.2,101.0,91.1,1.7,58.6,93.2,268,280,0.75,2.0,2.0,0,2,268,0,1,-25200,0,76,270,0,76,1,1788482940,0,0,0,0,0,713,0,1788620460,0,304,0,0,0,0,,0,0,181.102,297,0.87,19,19.304,0.75,0,0,0,0,0,1791153015,0
26889,2026-10-04T22:45:15,49.6,90.7,22.8,0,0.0,0.0,0.76,0.0,0.76,7.13,155.0,93.1,92.9,90.7,0.7,57.1,93.1,360,360,1.31,4.0,1.0,0,3,360,0,1,-25200,0,76,360,0,76,1,1788482940,0,0,0,0,0,713,0,1788620460,0,360,0,0,0,0,,0,0,181.102,360,1.43,19,19.304,1.31,0,0,0,0,0,1791153915,0
26890,2026-10-04T23:00:15,51.6,90.8,24.7,0,0.0,0.0,0.76,0.0,0.76,7.13,174.0,92.9,92.4,90.8,0.7,58.7,92.9,0,360,0.18,1.0,0.0,0,1,360,0,1,-25200,0,76,360,0,76,1,1788482940,0,0,0,0,0,713,0,1788620460,0,360,0,0,0,0,,0,0,181.102,360,0.06,19,19.304,0.06,0,0,0,0,0,1791154815,0
26891,2026-10-04T23:15:15,50.4,90.0,24.2,0,0.0,0.0,0.76,0.0,0.76,7.13,130.0,92.2,90.7,90.0,0.6,57.7,92.2,0,360,0.18,1.0,0.0,0,1,360,0,1,-25200,0,76,360,0,76,1,1788482940,0,0,0,0,0,713,0,1788620460,0,360,0,0,0,0,,0,0,181.102,360,0.0,19,19.304,0.0,0,0,0,0,0,1791155715,0
26892,2026-10-04T23:30:15,52.2,90.3,25.9,0,0.0,0.0,0.76,0.0,0.76,7.13,114.0,92.1,90.7,90.3,0.0,59.2,92.1,0,0,0.0,0.0,0.0,0,0,0,0,1,-25200,0,76,0,0,76,1,1788482940,0,0,0,0,0,713,0,1788620460,0,0,0,0,0,0,,0,0,181.102,0,0.0,19,19.304,0.0,0,0,0,0,0,1791156615,0
26893,2026-10-04T23:45:14,55.4,90.6,29.4,0,0.0,0.0,0.76,0.0,0.76,7.13,97.0,91.8,90.7,90.6,0.0,61.8,91.8,0,0,0.0,0.0,0.0,0,0,0,0,1,-25200,0,76,0,0,76,1,1788482940,0,0,0,0,0,713,0,1788620460,0,0,0,0,0,0,,0,0,181.102,0,0.0,19,19.304,0.0,0,0,0,0,0,1791157514,0
26894,2026-10-05T00:00:14,52.0,87.9,27.4,0,0.0,0.0,0.76,0.0,0.76,7.13,83.0,90.1,87.5,87.9,0.0,58.9,90.1,360,360,0.93,3.0,2.0,0,3,360,0,1,-25200,0,76,360,0,76,1,1788482940,0,0,0,0,0,713,0,1788620460,0,360,0,0,0,0,,0,0,181.102,360,1.81,19,19.304,1.81,0,0,0,0,0,1791158414,0
26895,2026-10-05T00:15:14,51.8,86.7,28.2,0,0.0,0.0,0.76,0.0,0.76,7.13,60.0,88.9,85.8,86.7,0.0,58.7,88.9,0,352,0.31,2.0,0.0,0,,309,0,1,-25200,0,76,,0,76,1,1788482940,0,0,0,0,0,713,0,1788620460,0,0,0,0,0,0,,0,0,181.102,0,0.0,19,19.304,0.0,0,0,0,0,0,1791159314,0
26896,2026-10-05T00:30:14,51.9,85.6,29.4,0,0.0,0.0,0.76,0.0,0.76,7.13,49.0,87.7,84.3,85.6,0.0,58.7,87.7,360,356,0.25,2.0,1.0,0,2,360,0,1,-25200,0,76,360,0,76,1,1788482940,0,0,0,0,0,713,0,1788620460,0,356,0,0,0,0,,0,0,181.102,357,0.93,19,19.304,1.06,0,0,0,0,0,1791160214,0
26897,2026-10-05T00:45:14,51.9,84.3,31.0,0,0.0,0.0,0.76,0.0,0.76,7.13,37.0,86.1,82.3,84.3,0.0,58.7,86.1,360,346,0.56,2.0,1.0,0,1,309,0,1,-25200,0,76,360,0,76,1,1788482940,0,0,0,0,0,713,0,1788620460,0,360,0,0,0,0,,0,0,181.102,360,0.68,19,19.304,0.75,0,0,0,0,0,1791161114,0
26898,2026-10-05T01:00:14,49.4,82.3,29.9,0,0.0,0.0,0.76,0.0,0.76,7.13,26.0,84.3,80.3,82.3,0.0,56.6,84.3,360,353,0.81,2.0,1.0,0,2,360,0,1,-25200,0,76,360,0,76,1,1788482940,0,0,0,0,0,713,0,1788620460,0,360,0,0,0,0,,0,0,181.102,360,1.62,19,19.304,1.56,0,0,0,0,0,1791162014,0
26899,2026-10-05T01:15:14,50.0,80.9,32.2,0,0.0,0.0,0.76,0.0,0.76,7.13,21.0,82.7,78.9,80.9,0.0,56.9,82.7,360,360,1.25,3.0,1.0,0,3,360,0,1,-25200,0,76,360,0,76,1,1788482940,0,0,0,0,0,713,0,1788620460,0,360,0,0,0,0,,0,0,181.102,360,1.75,19,19.304,1.81,0,0,0,0,0,1791162914,0
26900,2026-10-05T01:30:14,51.0,80.4,34.2,0,0.0,0.0,0.76,0.0,0.76,7.13,18.0,82.0,78.4,80.4,0.0,57.7,82.0,0,360,1.12,3.0,0.0,0,,360,0,1,-25200,0,76,,0,76,1,1788482940,0,0,0,0,0,713,0,1788620460,0,360,0,0,0,0,,0,0,181.102,0,0.12,19,19.304,0.0,0,0,0,0,0,1791163814,0
26901,2026-10-05T01:45:14,51.1,79.6,35.3,0,0.0,0.0,0.76,0.0,0.76,7.13,0.0,81.1,77.6,79.6,0.0,57.7,81.1,360,360,1.06,2.0,1.0,0,2,360,0,1,-25200,0,76,360,0,76,1,1788482940,0,0,0,0,0,713,0,1788620460,0,360,0,0,0,0,,0,0,181.102,360,1.12,19,19.304,1.12,0,0,0,0,0,1791164714,0
26902,2026-10-05T02:00:14,50.8,78.1,36.9,0,0.0,0.0,0.76,0.0,0.76,7.13,0.0,79.4,76.1,78.1,0.0,57.3,79.4,360,360,1.25,3.0,2.0,0,3,360,0,1,-25200,0,76,360,0,76,1,1788482940,0,0,0,0,0,713,0,1788620460,0,360,0,0,0,0,,0,0,181.102,360,1.62,19,19.304,1.62,0,0,0,0,0,1791165614,0
26903,2026-10-05T02:15:14,51.5,77.3,39.2,0,0.0,0.0,0.76,0.0,0.76,7.13,0.0,78.4,75.3,77.3,0.0,57.7,78.4,360,,1.12,2.0,1.0,0,2,360,0,1,-25200,0,76,360,0,76,1,1788482940,0,0,0,0,0,713,0,1788620460,0,360,0,0,0,0,,0,0,181.102,360,1.12,19,19.304,1.12,0,0,0,0,0,1791166514,0
26904,2026-10-05T02:30:14,52.4,77.3,40.7,0,0.0,0.0,0.76,0.0,0.76,7.13,0.0,78.2,75.3,77.3,0.0,58.4,78.2,360,360,1.18,2.0,1.0,0,2,360,0,1,-25200,0,76,360,0,76,1,1788482940,0,0,0,0,0,713,0,1788620460,0,360,0,0,0,0,,0,0,181.102,360,1.18,19,19.304,1.18,0,0,0,0,0,1791167414,0
26905,2026-10-05T02:45:15,51.6,76.4,40.8,0,0.0,0.0,0.76,0.0,0.76,7.13,0.0,77.3,74.4,76.4,0.0,57.7,77.3,360,360,0.93,2.0,1.0,0,2,360,0,1,-25200,0,76,360,0,76,1,1788482940,0,0,0,0,0,713,0,1788620460,0,360,0,0,0,0,,0,0,181.102,360,1.25,19,19.304,1.37,0,0,0,0,0,1791168315,0
26906,2026-10-05T03:00:15,52.3,76.0,42.7,0,0.0,0.0,0.76,0.0,0.76,7.13,0.0,76.7,74.0,76.0,0.0,58.2,76.7,0,360,0.25,2.0,0.0,0,,360,0,1,-25200,0,76,,0,76,1,1788482940,0,0,0,0,0,713,0,1788620460,0,0,0,0,0,0,,0,0,181.102,0,0.0,19,19.304,0.0,0,0,0,0,0,1791169215,0
26907,2026-10-05T03:15:15,53.2,75.3,45.6,0,0.0,0.0,0.76,0.0,0.76,7.13,0.0,75.7,73.3,75.3,0.0,58.7,75.7,360,360,0.87,3.0,1.0,0,2,360,0,1,-25200,0,76,360,0,76,1,1788482940,0,0,0,0,0,713,0,1788620460,0,360,0,0,0,0,,0,0,181.102,360,1.06,19,19.304,1.25,0,0,0,0,0,1791170115,0
26908,2026-10-05T03:30:15,53.9,74.1,49.2,0,0.0,0.0,0.76,0.0,0.76,7.13,0.0,74.2,72.1,74.1,0.0,59.0,74.2,360,360,0.18,1.0,1.0,0,1,360,0,1,-25200,0,76,360,0,76,1,1788482940,0,0,0,0,0,713,0,1788620460,0,360,0,0,0,0,,0,0,181.102,360,0.0,19,19.304,0.06,0,0,0,0,0,1791171015,0
26909,2026-10-05T03:45:15,53.5,74.3,47.9,0,0.0,0.0,0.76,0.0,0.76,7.13,0.0,74.5,72.3,74.3,0.0,58.8,74.5,360,360,1.31,3.0,1.0,0,3,360,0,1,-25200,0,76,360,0,76,1,1788482940,0,0,0,0,0,713,0,1788620460,0,360,0,0,0,0,,0,0,181.102,360,1.25,19,19.304,1.37,0,0,0,0,0,1791171915,0
26910,2026-10-05T04:00:15,53.4,73.7,48.8,0,0.0,0.0,0.76,0.0,0.76,7.13,0.0,73.9,71.7,73.7,0.0,58.6,73.9,360,360,1.5,4.0,3.0,0,4,360,0,1,-25200,0,76,360,0,76,1,1788482940,0,0,0,0,0,713,0,1788620460,0,360,0,0,0,0,,0,0,181.102,360,1.81,19,19.304,1.93,0,0,0,0,0,1791172815,0
26911,2026-10-05T04:15:15,52.7,73.9,47.0,0,0.0,0.0,0.76,0.0,0.76,7.13,0.0,74.2,71.9,73.9,0.0,58.2,74.2,360,360,2.43,4.0,3.0,0,3,360,0,1,-25200,0,76,360,0,76,1,1788482940,0,0,0,0,0,713,0,1788620460,0,360,0,0,0,0,,0,0,181.102,360,2.31,19,19.304,2.31,0,0,0,0,0,1791173715,0
26912,2026-10-05T04:30:15,52.2,70.9,50.0,0,0.0,0.0,0.76,0.0,0.76,7.13,0.0,71.9,68.9,70.9,0.0,57.4,71.9,360,360,2.06,4.0,2.0,0,4,360,0,1,-25200,0,76,360,0,76,1,1788482940,0,0,0,0,0,713,0,1788620460,0,360,0,0,0,0,,0,0,181.102,360,2.12,19,19.304,1.93,0,0,0,0,0,1791174615,0
26913,2026-10-05T04:45:15,51.5,71.4,47.9,0,0.0,0.0,0.76,0.0,0.76,7.13,0.0,72.4,69.4,71.4,0.0,57.0,72.4,360,1,1.56,3.0,1.0,0,2,360,0,1,-25200,0,76,360,0,76,1,1788482940,0,0,0,0,0,713,0,1788620460,0,4,0,0,0,0,,0,0,181.102,1,1.18,19,19.304,1.37,0,0,0,0,0,1791175515,0
26914,2026-10-05T05:00:15,51.5,71.0,48.3,0,0.0,0.0,0.76,0.0,0.76,7.13,0.0,72.1,69.0,71.0,0.0,57.0,72.1,360,1,1.06,2.0,1.0,0,2,360,0,1,-25200,0,76,360,0,76,1,1788482940,0,0,0,0,0,713,0,1788620460,0,360,0,0,0,0,,0,0,181.102,360,1.0,19,19.304,1.12,0,0,0,0,0,1791176415,0
26915,2026-10-05T05:15:15,51.2,69.2,50.0,0,0.0,0.0,0.76,0.0,0.76,7.13,0.0,70.8,67.2,69.2,0.0,56.5,70.8,360,360,1.37,3.0,1.0,0,3,360,0,1,-25200,0,76,360,0,76,1,1788482940,0,0,0,0,0,713,0,1788620460,0,360,0,0,0,0,,0,0,181.102,360,1.43,19,19.304,1.37,0,0,0,0,0,1791177315,0
26916,2026-10-05T05:30:15,50.8,68.0,50.8,0,0.0,0.0,0.76,0.0,0.76,7.13,0.0,69.9,66.0,68.0,0.0,56.1,69.9,360,360,1.75,3.0,2.0,0,2,360,0,1,-25200,0,76,360,0,76,1,1788482940,0,0,0,0,0,713,0,1788620460,0,360,0,0,0,0,,0,0,181.102,360,1.18,19,19.304,1.06,0,0,0,0,0,1791178215,0
26917,2026-10-05T05:45:14,50.2,68.6,48.7,0,0.0,0.0,0.76,0.0,0.76,7.13,0.0,70.4,66.6,68.6,0.0,55.7,70.4,360,360,1.56,3.0,1.0,0,3,360,0,1,-25200,0,76,360,0,76,1,1788482940,0,0,0,0,0,713,0,1788620460,0,360,0,0,0,0,,0,0,181.102,360,1.37,19,19.304,1.18,0,0,0,0,0,1791179114,0
26918,2026-10-05T06:00:14,49.5,68.0,48.1,0,0.0,0.0,0.76,0.0,0.76,7.13,0.0,70.0,66.0,68.0,0.0,55.2,70.0,360,360,1.06,3.0,1.0,0,2,360,0,1,-25200,0,76,360,0,76,1,1788482940,0,0,0,0,0,713,0,1788620460,0,360,0,0,0,0,,0,0,181.102,360,1.31,19,19.304,1.0,0,0,0,0,0,1791180014,0
26919,2026-10-05T06:15:14,49.4,67.7,48.9,0,0.0,0.0,0.76,0.0,0.76,7.13,0.0,69.4,65.7,67.7,0.0,55.0,69.4,360,360,1.43,3.0,1.0,0,3,360,0,1,-25200,0,76,360,0,76,1,1788482940,0,0,0,0,0,713,0,1788620460,0,360,0,0,0,0,,0,0,181.102,360,1.93,19,19.304,2.0,0,0,0,0,0,1791180914,0
26920,2026-10-05T06:30:14,48.4,67.2,48.5,0,0.0,0.0,0.76,0.0,0.76,7.13,0.0,68.6,65.2,67.2,0.0,54.2,68.6,360,360,1.5,4.0,1.0,0,2,360,0,1,-25200,0,76,360,0,76,1,1788482940,0,0,0,0,0,713,0,1788620460,0,360,0,0,0,0,,0,0,181.102,360,1.12,19,19.304,0.93,0,0,0,0,0,1791181814,0
26921,2026-10-05T06:45:14,49.2,66.8,51.3,0,0.0,0.0,0.76,0.0,0.76,7.13,0.0,67.8,64.8,66.8,0.0,54.6,67.8,360,360,1.87,4.0,2.0,0,3,360,0,1,-25200,0,76,360,0,76,1,1788482940,0,0,0,0,0,713,0,1788620460,0,360,0,0,0,0,,0,0,181.102,360,1.87,19,19.304,2.0,0,0,0,0,0,1791182714,0
26922,2026-10-05T07:00:14,48.5,67.0,49.6,0,0.0,0.0,0.76,0.0,0.76,7.13,0.0,68.1,65.0,67.0,0.0,54.2,68.1,360,360,1.5,3.0,2.0,0,3,360,0,1,-25200,0,76,360,0,76,1,1788482940,0,0,0,0,0,713,0,1788620460,0,360,0,0,0,0,,0,0,181.102,360,1.75,19,19.304,1.5,0,0,0,0,0,1791183614,0
26923,2026-10-05T07:15:14,48.9,66.5,51.2,0,0.0,0.0,0.76,0.0,0.76,7.13,0.0,67.6,64.5,66.5,0.0,54.3,67.6,360,360,1.31,3.0,1.0,0,2,360,0,1,-25200,0,76,360,0,76,1,1788482940,0,0,0,0,0,713,0,1788620460,0,360,0,0,0,0,,0,0,181.102,360,1.31,19,19.304,1.31,0,0,0,0,0,1791184514,0
26924,2026-10-05T07:30:14,48.5,66.7,50.0,0,0.0,0.0,0.76,0.0,0.76,7.13,0.0,67.8,64.7,66.7,0.0,54.1,67.8,360,360,1.43,3.0,1.0,0,2,360,0,1,-25200,0,76,360,0,76,1,1788482940,0,0,0,0,0,713,0,1788620460,0,360,0,0,0,0,,0,0,181.102,360,1.18,19,19.304,1.18,0,0,0,0,0,1791185414,0
26925,2026-10-05T07:45:14,48.6,67.2,49.0,0,0.0,0.0,0.76,0.0,0.76,7.13,0.0,68.5,65.2,67.2,0.0,54.3,68.5,360,360,1.18,2.0,2.0,0,2,360,0,1,-25200,0,76,360,0,76,1,1788482940,0,0,0,0,0,713,0,1788620460,0,360,0,0,0,0,,0,0,181.102,360,1.31,19,19.304,1.5,0,0,0,0,0,1791186314,0
26926,2026-10-05T08:00:14,48.3,66.9,49.4,0,0.0,0.0,0.76,0.0,0.76,7.13,0.0,68.0,64.9,66.9,0.0,54.0,68.0,360,360,1.37,3.0,1.0,0,3,360,0,1,-25200,0,76,360,0,76,1,1788482940,0,0,0,0,0,713,0,1788620460,0,360,0,0,0,0,,0,0,181.102,360,2.0,19,19.304,2.06,0,0,0,0,0,1791187214,0
26927,2026-10-05T08:15:14,48.4,67.0,49.2,0,0.0,0.0,0.76,0.0,0.76,7.13,0.0,68.2,65.0,67.0,0.0,54.1,68.2,360,360,1.18,2.0,2.0,0,2,360,0,1,-25200,0,76,360,0,76,1,1788482940,0,0,0,0,0,713,0,1788620460,0,360,0,0,0,0,,0,0,181.102,360,1.0,19,19.304,0.87,0,0,0,0,0,1791188114,0
26928,2026-10-05T08:30:14,49.1,68.3,47.1,0,0.0,0.0,0.76,0.0,0.76,7.13,0.0,70.2,66.3,68.3,0.0,54.9,70.2,360,360,0.06,2.0,1.0,0,2,360,0,1,-25200,0,76,360,0,76,1,1788482940,0,0,0,0,0,713,0,1788620460,0,360,0,0,0,0,,0,0,181.102,360,0.12,19,19.304,0.18,0,0,0,0,0,1791189014,0
26929,2026-10-05T08:45:14,47.7,67.9,45.2,0,0.0,0.0,0.76,0.0,0.76,7.13,0.0,69.9,65.9,67.9,0.0,53.9,69.9,0,360,1.56,3.0,0.0,0,3,360,0,1,-25200,0,76,360,0,76,1,1788482940,0,0,0,0,0,713,0,1788620460,0,360,0,0,0,0,,0,0,181.102,360,1.12,19,19.304,0.87,0,0,0,0,0,1791189914,0
26930,2026-10-05T09:00:14,47.2,67.0,46.6,0,0.0,0.0,0.76,0.0,0.76,7.13,0.0,68.5,65.0,67.0,0.0,53.3,68.5,360,360,1.31,3.0,2.0,0,2,360,0,1,-25200,0,76,360,0,76,1,1788482940,0,0,0,0,0,713,0,1788620460,0,360,0,0,0,0,,0,0,181.102,360,1.31,19,19.304,1.37,0,0,0,0,0,1791190814,0
26931,2026-10-05T09:15:15,47.1,67.3,45.6,0,0.0,0.0,0.76,0.0,0.76,7.13,0.0,69.0,65.3,67.3,0.0,53.3,69.0,360,360,1.31,3.0,1.0,0,3,360,0,1,-25200,0,76,360,0,76,1,1788482940,0,0,0,0,0,713,0,1788620460,0,360,0,0,0,0,,0,0,181.102,360,1.62,19,19.304,1.56,0,0,0,0,0,1791191715,0
26932,2026-10-05T09:30:15,47.2,67.0,46.3,0,0.0,0.0,0.76,0.0,0.76,7.13,0.0,68.6,65.0,67.0,0.0,53.3,68.6,360,360,0.87,3.0,1.0,0,1,360,0,1,-25200,0,76,360,0,76,1,1788482940,0,0,0,0,0,713,0,1788620460,0,360,0,0,0,0,,0,0,181.102,360,0.18,19,19.304,0.31,0,0,0,0,0,1791192615,0
26933,2026-10-05T09:45:15,47.6,67.2,47.0,0,0.0,0.0,0.76,0.0,0.76,7.13,0.0,68.7,65.2,67.2,0.0,53.6,68.7,360,360,1.0,3.0,1.0,0,1,360,0,1,-25200,0,76,360,0,76,1,1788482940,0,0,0,0,0,713,0,1788620460,0,360,0,0,0,0,,0,0,181.102,360,0.25,19,19.304,0.12,0,0,0,0,0,1791193515,0
26934,2026-10-05T10:00:15,47.4,67.5,45.7,0,0.0,0.0,0.76,0.0,0.76,7.13,0.0,69.3,65.5,67.5,0.0,53.6,69.3,360,360,0.0,1.0,1.0,0,1,360,0,1,-25200,0,76,360,0,76,1,1788482940,0,0,0,0,0,713,0,1788620460,0,360,0,0,0,0,,0,0,181.102,360,0.06,19,19.304,0.12,0,0,0,0,0,1791194415,0
26935,2026-10-05T10:15:15,49.3,67.9,48.1,0,0.0,0.0,0.76,0.0,0.76,7.13,0.0,69.8,65.9,67.9,0.0,55.0,69.8,0,360,0.43,3.0,0.0,0,,360,0,1,-25200,0,76,,0,76,1,1788482940,0,0,0,0,0,713,0,1788620460,0,360,0,0,0,0,,0,0,181.102,0,0.0,19,19.304,0.0,0,0,0,0,0,1791195315,0
26936,2026-10-05T10:30:15,48.9,67.0,50.4,0,0.0,0.0,0.76,0.0,0.76,7.13,0.0,68.0,65.0,67.0,0.0,54.4,68.0,360,360,1.06,3.0,1.0,0,3,360,0,1,-25200,0,76,360,0,76,1,1788482940,0,0,0,0,0,713,0,1788620460,0,360,0,0,0,0,,0,0,181.102,360,1.56,19,19.304,1.68,0,0,0,0,0,1791196215,0
26937,2026-10-05T10:45:15,48.1,67.3,47.5,0,0.0,0.0,0.76,0.0,0.76,7.13,0.0,68.9,65.3,67.3,0.0,54.0,68.9,360,360,0.81,2.0,2.0,0,1,360,0,1,-25200,0,76,360,0,76,1,1788482940,0,0,0,0,0,713,0,1788620460,0,360,0,0,0,0,,0,0,181.102,360,0.62,19,19.304,0.62,0,0,0,0,0,1791197115,0
26938,2026-10-05T11:00:15,48.2,67.4,47.5,0,0.0,0.0,0.76,0.0,0.76,7.13,0.0,69.0,65.4,67.4,0.0,54.1,69.0,360,360,0.31,2.0,1.0,0,2,360,0,1,-25200,0,76,360,0,76,1,1788482940,0,0,0,0,0,713,0,1788620460,0,360,0,0,0,0,,0,0,181.102,360,0.5,19,19.304,0.68,0,0,0,0,0,1791198015,0
26939,2026-10-05T11:15:15,48.8,66.6,50.7,0,0.0,0.0,0.76,0.0,0.76,7.13,0.0,67.7,64.6,66.6,0.0,54.3,67.7,360,360,1.0,3.0,1.0,0,2,360,0,1,-25200,0,76,360,0,76,1,1788482940,0,0,0,0,0,713,0,1788620460,0,360,0,0,0,0,,0,0,181.102,360,0.81,19,19.304,0.87,0,0,0,0,0,1791198915,0
26940,2026-10-05T11:30:15,47.7,66.0,49.2,0,0.0,0.0,0.76,0.0,0.76,7.13,0.0,67.4,64.0,66.0,0.0,53.5,67.4,360,360,1.93,4.0,3.0,0,4,360,0,1,-25200,0,76,360,0,76,1,1788482940,0,0,0,0,0,713,0,1788620460,0,360,0,0,0,0,,0,0,181.102,360,2.5,19,19.304,2.43,0,0,0,0,0,1791199815,0
26941,2026-10-05T11:45:15,47.1,63.8,51.1,0,0.0,0.0,0.76,0.0,0.76,7.13,0.0,65.7,61.8,63.8,0.0,52.7,65.7,360,360,1.25,3.0,2.0,0,3,360,0,1,-25200,0,76,360,0,76,1,1788482940,0,0,0,0,0,713,0,1788620460,0,360,0,0,0,0,,0,0,181.102,360,1.75,19,19.304,1.56,0,0,0,0,0,1791200715,0
26942,2026-10-05T12:00:15,48.3,64.1,53.2,0,0.0,0.0,0.76,0.0,0.76,7.13,0.0,65.8,62.1,64.1,0.0,53.6,65.8,360,360,1.31,3.0,1.0,0,1,360,0,1,-25200,0,76,360,0,76,1,1788482940,0,0,0,0,0,713,0,1788620460,0,360,0,0,0,0,,0,0,181.102,360,0.18,19,19.304,0.25,0,0,0,0,0,1791201615,0
26943,2026-10-05T12:15:14,47.3,63.0,53.3,0,0.0,0.0,0.76,0.0,0.76,7.13,0.0,64.7,61.0,63.0,0.0,52.7,64.7,360,360,1.75,3.0,2.0,0,3,360,0,1,-25200,0,76,360,0,76,1,1788482940,0,0,0,0,0,713,0,1788620460,0,360,0,0,0,0,,0,0,181.102,360,2.18,19,19.304,2.06,0,0,0,0,0,1791202514,0
26944,2026-10-05T12:30:14,46.6,63.1,51.5,0,0.0,0.0,0.76,0.0,0.76,7.13,0.0,64.9,61.1,63.1,0.0,52.2,64.9,0,360,0.81,3.0,0.0,0,1,360,0,1,-25200,0,76,360,0,76,1,1788482940,0,0,0,0,0,713,0,1788620460,0,360,0,0,0,0,,0,0,181.102,360,0.25,19,19.304,0.0,0,0,0,0,0,1791203414,0
26945,2026-10-05T12:45:14,46.1,62.5,51.7,0,0.0,0.0,0.76,0.0,0.76,7.13,0.0,64.3,60.5,62.5,0.0,51.8,64.3,360,360,1.56,4.0,1.0,0,2,360,0,1,-25200,0,76,360,0,76,1,1788482940,0,0,0,0,0,713,0,1788620460,0,360,0,0,0,0,,0,0,181.102,360,1.43,19,19.304,1.06,0,0,0,0,0,1791204314,0
26946,2026-10-05T13:00:14,46.3,62.6,51.9,0,0.0,0.0,0.76,0.0,0.76,7.13,0.0,64.4,60.6,62.6,0.0,51.9,64.4,360,360,1.12,2.0,1.0,0,2,360,0,1,-25200,0,76,360,0,76,1,1788482940,0,0,0,0,0,713,0,1788620460,0,360,0,0,0,0,,0,0,181.102,360,1.12,19,19.304,1.25,0,0,0,0,0,1791205214,0
26947,2026-10-05T13:15:14,46.4,63.1,50.9,0,0.0,0.0,0.76,0.0,0.76,7.13,0.0,65.0,61.1,63.1,0.0,52.1,65.0,0,360,0.43,2.0,0.0,0,1,360,0,1,-25200,0,76,360,0,76,1,1788482940,0,0,0,0,0,713,0,1788620460,0,360,0,0,0,0,,0,0,181.102,360,0.18,19,19.304,0.18,0,0,0,0,0,1791206114,0
26948,2026-10-05T13:30:14,47.6,65.9,49.2,0,0.0,0.0,0.76,0.0,0.76,7.13,0.0,67.3,63.9,65.9,0.0,53.4,67.3,0,360,0.43,2.0,0.0,0,2,360,0,1,-25200,0,76,360,0,76,1,1788482940,0,0,0,0,0,713,0,1788620460,0,360,0,0,0,0,,0,0,181.102,360,0.87,19,19.304,1.12,0,0,0,0,0,1791207014,0
26949,2026-10-05T13:45:14,47.9,67.8,45.9,0,0.0,0.0,0.76,0.0,0.76,7.13,0.0,69.7,65.8,67.8,0.0,54.0,69.7,360,360,1.62,6.0,3.0,0,3,360,0,1,-25200,0,76,360,0,76,1,1788482940,0,0,0,0,0,713,0,1788620460,0,360,0,0,0,0,,0,0,181.102,360,1.5,19,19.304,1.37,0,0,0,0,0,1791207914,0
26950,2026-10-05T14:00:15,48.5,67.9,46.7,0,0.0,0.0,0.76,0.0,0.76,7.13,0.0,69.8,65.9,67.9,0.0,54.4,69.8,0,360,0.43,2.0,0.0,0,2,360,0,1,-25200,0,76,360,0,76,1,1788482940,0,0,0,0,0,713,0,1788620460,0,360,0,0,0,0,,0,0,181.102,360,0.37,19,19.304,0.43,0,0,0,0,0,1791208815,0
26951,2026-10-05T14:15:15,48.4,67.0,49.2,0,0.0,0.0,0.76,0.0,0.76,7.13,19.0,68.2,65.0,67.0,0.0,54.1,68.2,0,360,0.56,2.0,0.0,0,1,360,0,1,-25200,0,76,360,0,76,1,1788482940,0,0,0,0,0,713,0,1788620460,0,360,0,0,0,0,,0,0,181.102,360,0.18,19,19.304,0.06,0,0,0,0,0,1791209715,0
26952,2026-10-05T14:30:15,49.8,67.3,52.0,0,0.0,0.0,0.76,0.0,0.76,7.13,62.0,68.1,65.3,67.3,0.0,55.1,68.1,360,360,0.68,5.0,1.0,0,5,360,0,1,-25200,0,76,360,0,76,1,1788482940,0,0,0,0,0,713,0,1788620460,0,360,0,0,0,0,,0,0,181.102,360,1.25,19,19.304,1.68,0,0,0,0,0,1791210615,0
26953,2026-10-05T14:45:15,50.6,67.7,52.2,0,0.0,0.0,0.76,0.0,0.76,7.13,100.0,68.9,66.6,67.7,0.0,55.8,68.9,0,360,0.37,3.0,0.0,0,3,360,0,1,-25200,0,76,360,0,76,1,1788482940,0,0,0,0,0,713,0,1788620460,0,360,0,0,0,0,,0,0,181.102,360,0.5,19,19.304,0.06,0,0,0,0,0,1791211515,0
26954,2026-10-05T15:00:15,50.6,68.4,49.6,0,0.0,0.0,0.76,0.0,0.76,7.13,123.0,70.3,67.9,68.4,0.0,56.0,70.3,360,360,1.75,4.0,2.0,0,3,360,0,1,-25200,0,76,360,0,76,1,1788482940,0,0,0,0,0,713,0,1788620460,0,360,0,0,0,0,,0,0,181.102,360,1.06,19,19.304,1.06,0,0,0,0,0,1791212415,0
26955,2026-10-05T15:15:15,50.2,71.2,45.6,0,0.0,0.0,0.76,0.0,0.76,7.13,100.0,72.4,70.5,71.2,0.0,56.1,72.4,360,360,2.87,9.0,1.0,0,6,360,0,1,-25200,0,76,360,0,76,1,1788482940,0,0,0,0,0,713,0,1788620460,0,360,0,0,0,0,,0,0,181.102,360,2.81,19,19.304,2.62,0,0,0,0,0,1791213315,0
26956,2026-10-05T15:30:15,50.7,73.0,44.5,0,0.0,0.0,0.76,0.0,0.76,7.13,118.0,73.7,72.5,73.0,0.0,56.6,73.7,360,360,2.18,5.0,2.0,0,5,360,0,1,-25200,0,76,360,0,76,1,1788482940,0,0,0,0,0,713,0,1788620460,0,360,0,0,0,0,,0,0,181.102,360,2.37,19,19.304,1.87,0,0,0,0,0,1791214215,0
26957,2026-10-05T15:45:15,51.1,74.0,43.8,0,0.0,0.0,0.76,0.0,0.76,7.13,98.0,74.6,73.7,74.0,0.0,57.0,74.6,10,349,2.18,8.0,3.0,0,3,331,0,1,-25200,0,76,360,0,76,1,1788482940,0,0,0,0,0,713,0,1788620460,0,344,0,0,0,0,,0,0,181.102,335,2.25,19,19.304,2.12,0,0,0,0,0,1791215115,0
26958,2026-10-05T16:00:15,51.2,75.7,41.1,0,0.0,0.0,0.76,0.0,0.76,7.13,86.0,76.6,75.4,75.7,0.0,57.3,76.6,360,360,2.68,6.0,1.0,0,6,337,0,1,-25200,0,76,360,0,76,1,1788482940,0,0,0,0,0,713,0,1788620460,0,360,0,0,0,0,,0,0,181.102,360,2.62,19,19.304,2.0,0,0,0,0,0,1791216015,0
26959,2026-10-05T16:15:15,52.1,76.4,41.6,0,0.0,0.0,0.76,0.0,0.76,7.13,76.0,77.2,75.9,76.4,0.0,58.1,77.2,0,337,1.87,5.0,0.0,0,2,360,0,1,-25200,0,76,360,0,76,1,1788482940,0,0,0,0,0,713,0,1788620460,0,358,0,0,0,0,,0,0,181.102,360,1.06,19,19.304,1.06,0,0,0,0,0,1791216915,0
26960,2026-10-05T16:30:15,53.2,76.6,43.2,0,0.0,0.0,0.76,0.0,0.76,7.13,58.0,77.3,75.7,76.6,0.0,58.9,77.3,360,352,1.62,4.0,2.0,0,4,360,0,1,-25200,0,76,360,0,76,1,1788482940,0,0,0,0,0,713,0,1788620460,0,360,0,0,0,0,,0,0,181.102,360,2.06,19,19.304,1.68,0,0,0,0,0,1791217815,0
26961,2026-10-05T16:45:15,53.9,77.1,43.7,0,0.0,0.0,0.76,0.0,0.76,7.13,67.0,77.7,77.1,77.1,0.8,59.5,77.7,360,360,0.87,3.0,3.0,0,3,360,0,1,-25200,0,76,360,0,76,1,1788482940,0,0,0,0,0,713,0,1788620460,0,360,0,0,0,0,,0,0,181.102,360,1.25,19,19.304,1.75,0,0,0,0,0,1791218715,0
26962,2026-10-05T17:00:15,53.1,77.5,41.7,0,0.0,0.0,0.76,0.0,0.76,7.13,51.0,78.3,76.2,77.5,0.0,59.0,78.3,360,360,1.06,4.0,1.0,0,2,360,0,1,-25200,0,76,360,0,76,1,1788482940,0,0,0,0,0,713,0,1788620460,0,360,0,0,0,0,,0,0,181.102,360,0.93,19,19.304,0.62,0,0,0,0,0,1791219615,0
26963,2026-10-05T17:15:15,54.2,78.4,42.1,0,0.0,0.0,0.76,0.0,0.76,7.13,86.0,79.2,77.5,78.4,1.0,59.9,79.2,360,356,1.5,4.0,1.0,0,4,360,0,1,-25200,0,76,360,0,76,1,1788482940,0,0,0,0,0,713,0,1788620460,0,360,0,0,0,0,,0,0,181.102,360,1.93,19,19.304,1.68,0,0,0,0,0,1791220515,0
26964,2026-10-05T17:30:15,53.0,80.1,37.7,0,0.0,0.0,0.76,0.0,0.76,7.13,144.0,81.3,81.5,80.1,1.3,59.2,81.3,360,340,2.37,5.0,1.0,0,5,360,0,1,-25200,0,76,360,0,76,1,1788482940,0,0,0,0,0,713,0,1788620460,0,348,0,0,0,0,,0,0,181.102,347,2.93,19,19.304,3.0,0,0,0,0,0,1791221415,0
26965,2026-10-05T17:45:15,54.6,81.8,37.8,0,0.0,0.0,0.76,0.0,0.76,7.13,83.0,83.0,82.5,81.8,1.5,60.6,83.0,360,356,1.31,4.0,1.0,0,4,360,0,1,-25200,0,76,360,0,76,1,1788482940,0,0,0,0,0,713,0,1788620460,0,360,0,0,0,0,,0,0,181.102,360,1.68,19,19.304,1.37,0,0,0,0,0,1791222315,0
26966,2026-10-05T18:00:15,55.3,82.8,37.5,0,0.0,0.0,0.76,0.0,0.76,7.13,47.0,84.0,81.7,82.8,0.0,61.2,84.0,360,360,1.5,5.0,1.0,0,3,360,0,1,-25200,0,76,360,0,76,1,1788482940,0,0,0,0,0,713,0,1788620460,0,360,0,0,0,0,,0,0,181.102,360,1.75,19,19.304,1.62,0,0,0,0,0,1791223215,0
26967,2026-10-05T18:15:15,56.7,84.5,37.9,0,0.0,0.0,0.76,0.0,0.76,7.13,56.0,85.2,83.8,84.5,0.0,62.4,85.2,360,360,1.93,4.0,1.0,0,4,360,0,1,-25200,0,76,360,0,76,1,1788482940,0,0,0,0,0,713,0,1788620460,0,360,0,0,0,0,,0,0,181.102,360,2.0,19,19.304,2.37,0,0,0,0,0,1791224115,0
26968,2026-10-05T18:30:15,56.2,85.5,36.0,0,0.0,0.0,0.76,0.0,0.76,7.13,62.0,86.3,84.9,85.5,1.6,62.1,86.3,360,360,2.37,6.0,3.0,0,6,360,0,1,-25200,0,76,360,0,76,1,1788482940,0,0,0,0,0,713,0,1788620460,0,360,0,0,0,0,,0,0,181.102,360,3.0,19,19.304,2.87,0,0,0,0,0,1791225015,0
26969,2026-10-05T18:45:15,55.8,86.2,34.4,0,0.0,0.0,0.76,0.0,0.76,7.13,142.0,87.3,86.9,86.2,1.7,61.9,87.3,360,360,2.25,5.0,2.0,0,5,360,0,1,-25200,0,76,360,0,76,1,1788482940,0,0,0,0,0,713,0,1788620460,0,360,0,0,0,0,,0,0,181.102,360,2.0,19,19.304,2.75,0,0,0,0,0,1791225915,0
26970,2026-10-05T19:00:14,55.0,86.7,32.4,0,0.0,0.0,0.76,0.0,0.76,7.13,67.0,88.2,88.8,86.7,1.8,61.3,88.2,360,360,3.0,8.0,3.0,0,3,360,0,1,-25200,0,76,360,0,76,1,1788482940,0,0,0,0,0,713,0,1788620460,0,360,0,0,0,0,,0,0,181.102,360,2.31,19,19.304,1.93,0,0,0,0,0,1791226814,0
26971,2026-10-05T19:15:14,55.1,87.5,31.6,0,0.0,0.0,0.76,0.0,0.76,7.13,221.0,89.1,90.0,87.5,3.2,61.4,89.1,360,360,2.31,8.0,1.0,0,3,360,0,1,-25200,0,76,360,0,76,1,1788482940,0,0,0,0,0,713,0,1788620460,0,360,0,0,0,0,,0,0,181.102,360,2.12,19,19.304,1.56,0,0,0,0,0,1791227714,0
26972,2026-10-05T19:30:14,53.6,88.6,28.7,0,0.0,0.0,0.76,0.0,0.76,7.13,673.0,90.5,99.4,88.6,3.8,60.3,90.5,360,360,3.25,8.0,2.0,0,8,360,0,1,-25200,0,76,360,0,76,1,1788482940,0,0,0,0,0,713,0,1788620460,0,360,0,0,0,0,,0,0,181.102,360,3.43,19,19.304,3.56,0,0,0,0,0,1791228614,0
26973,2026-10-05T19:45:15,53.6,89.0,28.4,0,0.0,0.0,0.76,0.0,0.76,7.13,682.0,90.8,99.5,89.0,3.9,60.3,90.8,360,360,4.18,10.0,4.0,0,6,360,0,1,-25200,0,76,360,0,76,1,1788482940,0,0,0,0,0,713,0,1788620460,0,360,0,0,0,0,,0,0,181.102,360,3.81,19,19.304,4.43,0,0,0,0,0,1791229515,0
26974,2026-10-05T20:00:15,53.7,89.9,27.9,0,0.0,0.0,0.76,0.0,0.76,7.13,689.0,91.5,100.1,89.9,3.9,60.4,91.5,360,351,4.06,10.0,5.0,0,8,360,0,1,-25200,0,76,360,0,76,1,1788482940,0,0,0,0,0,713,0,1788620460,0,360,0,0,0,0,,0,0,181.102,360,3.62,19,19.304,3.93,0,0,0,0,0,1791230415,0
26975,2026-10-05T20:15:15,53.0,90.2,26.9,0,0.0,0.0,0.76,0.0,0.76,7.13,693.0,91.9,100.5,90.2,3.9,59.8,91.9,227,332,3.68,9.0,3.0,0,7,360,0,1,-25200,0,76,271,0,76,1,1788482940,0,0,0,0,0,713,0,1788620460,0,282,0,0,0,0,,0,0,181.102,285,3.93,19,19.304,3.87,0,0,0,0,0,1791231315,0
26976,2026-10-05T20:30:15,53.8,90.7,27.4,0,0.0,0.0,0.76,0.0,0.76,7.13,687.0,92.2,101.1,90.7,3.8,60.5,92.2,261,303,4.37,10.0,3.0,0,6,360,0,1,-25200,0,76,360,0,76,1,1788482940,0,0,0,0,0,713,0,1788620460,0,287,0,0,0,0,,0,0,181.102,283,3.43,19,19.304,3.81,0,0,0,0,0,1791232215,0
26977,2026-10-05T20:45:15,52.2,90.5,25.7,0,0.0,0.0,0.76,0.0,0.76,7.13,684.0,92.4,101.1,90.5,3.7,59.2,92.4,360,296,4.31,9.0,6.0,0,7,360,0,1,-25200,0,76,251,0,76,1,1788482940,0,0,0,0,0,713,0,1788620460,0,283,0,0,0,0,,0,0,181.102,271,3.56,19,19.304,3.87,0,0,0,0,0,1791233115,0
26978,2026-10-05T21:00:15,52.1,90.9,25.3,0,0.0,0.0,0.76,0.0,0.76,7.13,677.0,92.8,101.6,90.9,3.5,59.1,92.8,360,294,5.12,11.0,9.0,0,11,285,0,1,-25200,0,76,285,0,76,1,1788482940,0,0,0,0,0,713,0,1788620460,0,290,0,0,0,0,,0,0,181.102,287,5.25,19,19.304,5.43,0,0,0,0,0,1791234015,0
26979,2026-10-05T21:15:15,51.7,91.3,24.4,0,0.0,0.0,0.76,0.0,0.76,7.13,663.0,93.4,102.1,91.3,3.3,58.8,93.4,266,332,3.81,9.0,4.0,0,9,360,0,1,-25200,0,76,360,0,76,1,1788482940,0,0,0,0,0,713,0,1788620460,0,264,0,0,0,0,,0,0,181.102,264,3.31,19,19.304,3.06,0,0,0,0,0,1791234915,0
26980,2026-10-05T21:30:15,51.6,91.5,24.1,0,0.0,0.0,0.76,0.0,0.76,7.13,645.0,93.7,102.4,91.5,3.1,58.7,93.7,227,340,3.81,12.0,5.0,0,12,360,0,1,-25200,0,76,360,0,76,1,1788482940,0,0,0,0,0,713,0,1788620460,0,276,0,0,0,0,,0,0,181.102,245,4.62,19,19.304,4.06,0,0,0,0,0,1791235815,0
26981,2026-10-05T21:45:15,50.6,91.0,23.5,0,0.0,0.0,0.76,0.0,0.76,7.13,626.0,93.3,102.0,91.0,2.8,57.9,93.3,360,333,4.31,10.0,5.0,0,8,202,0,1,-25200,0,76,360,0,76,1,1788482940,0,0,0,0,0,713,0,1788620460,0,333,0,0,0,0,,0,0,181.102,356,4.12,19,19.304,4.37,0,0,0,0,0,1791236715,0
26982,2026-10-05T22:00:15,49.5,90.6,22.7,0,0.0,0.0,0.76,0.0,0.76,7.13,599.0,93.1,101.6,90.6,2.5,57.0,93.1,360,360,4.18,10.0,3.0,0,8,360,0,1,-25200,0,76,360,0,76,1,1788482940,0,0,0,0,0,713,0,1788620460,0,360,0,0,0,0,,0,0,181.102,360,3.37,19,19.304,3.31,0,0,0,0,0,1791237615,0
26983,2026-10-05T22:15:15,51.7,90.8,24.9,0,0.0,0.0,0.76,0.0,0.76,7.13,571.0,92.8,102.0,90.8,2.3,58.8,92.8,360,360,4.87,11.0,4.0,0,4,360,0,1,-25200,0,76,360,0,76,1,1788482940,0,0,0,0,0,713,0,1788620460,0,360,0,0,0,0,,0,0,181.102,360,3.25,19,19.304,2.75,0,0,0,0,0,1791238515,0
26984,2026-10-05T22:30:15,50.4,90.5,23.7,0,0.0,0.0,0.76,0.0,0.76,7.13,541.0,92.8,101.7,90.5,1.9,57.7,92.8,360,360,4.62,9.0,5.0,0,9,360,0,1,-25200,0,76,360,0,76,1,1788482940,0,0,0,0,0,713,0,1788620460,0,360,0,0,0,0,,0,0,181.102,360,5.37,19,19.304,5.37,0,0,0,0,0,1791239415,0
26985,2026-10-05T22:45:15,49.4,89.9,23.2,0,0.0,0.0,0.76,0.0,0.76,7.13,508.0,92.3,101.1,89.9,1.7,56.9,92.3,360,360,4.62,11.0,5.0,0,8,360,0,1,-25200,0,76,360,0,76,1,1788482940,0,0,0,0,0,713,0,1788620460,0,360,0,0,0,0,,0,0,181.102,360,4.68,19,19.304,4.25,0,0,0,0,0,1791240315,0
26986,2026-10-05T23:00:15,49.7,90.2,23.3,0,0.0,0.0,0.76,0.0,0.76,7.13,475.0,92.5,101.3,90.2,1.4,57.1,92.5,360,360,4.06,11.0,4.0,0,8,360,0,1,-25200,0,76,360,0,76,1,1788482940,0,0,0,0,0,713,0,1788620460,0,360,0,0,0,0,,0,0,181.102,360,4.0,19,19.304,3.93,0,0,0,0,0,1791241215,0
26987,2026-10-05T23:15:15,48.9,89.8,22.9,0,0.0,0.0,0.76,0.0,0.76,7.13,432.0,92.2,100.7,89.8,1.1,56.5,92.2,360,360,4.12,10.0,9.0,0,10,360,0,1,-25200,0,76,360,0,76,1,1788482940,0,0,0,0,0,713,0,1788620460,0,360,0,0,0,0,,0,0,181.102,360,4.12,19,19.304,3.87,0,0,0,0,0,1791242115,0
26988,2026-10-05T23:30:15,50.0,90.5,23.4,0,0.0,0.0,0.76,0.0,0.76,7.13,394.0,92.8,101.3,90.5,0.9,57.4,92.8,360,360,4.25,10.0,10.0,0,9,360,0,1,-25200,0,76,360,0,76,1,1788482940,0,0,0,0,0,713,0,1788620460,0,360,0,0,0,0,,0,0,181.102,360,4.25,19,19.304,4.31,0,0,0,0,0,1791243015,0
26989,2026-10-05T23:45:15,49.9,89.9,23.7,0,0.0,0.0,0.76,0.0,0.76,7.13,352.0,92.2,100.1,89.9,0.7,57.3,92.2,360,360,4.31,10.0,2.0,0,8,360,0,1,-25200,0,76,360,0,76,1,1788482940,0,0,0,0,0,713,0,1788620460,0,360,0,0,0,0,,0,0,181.102,360,3.81,19,19.304,3.75,0,0,0,0,0,1791243915,0
26990,2026-10-06T00:00:15,49.1,89.8,23.0,0,0.0,0.0,0.76,0.0,0.76,7.13,308.0,92.2,99.3,89.8,0.0,56.6,92.2,360,360,4.06,11.0,3.0,0,9,360,0,1,-25200,0,76,360,0,76,1,1788482940,0,0,0,0,0,713,0,1788620460,0,360,0,0,0,0,,0,0,181.102,360,4.93,19,19.304,4.56,0,0,0,0,0,1791244815,0
26991,2026-10-06T00:15:15,48.8,89.8,22.7,0,0.0,0.0,0.76,0.0,0.76,7.13,262.0,92.3,98.2,89.8,0.0,56.4,92.3,360,360,2.87,8.0,3.0,0,5,360,0,1,-25200,0,76,360,0,76,1,1788482940,0,0,0,0,0,713,0,1788620460,0,360,0,0,0,0,,0,0,181.102,360,2.93,19,19.304,3.06,0,0,0,0,0,1791245715,0
26992,2026-10-06T00:30:15,48.2,89.5,22.4,0,0.0,0.0,0.76,0.0,0.76,7.13,206.0,92.0,96.3,89.5,0.0,55.9,92.0,360,360,2.56,6.0,1.0,0,3,360,0,1,-25200,0,76,360,0,76,1,1788482940,0,0,0,0,0,713,0,1788620460,0,360,0,0,0,0,,0,0,181.102,360,2.06,19,19.304,1.81,0,0,0,0,0,1791246615,0
26993,2026-10-06T00:45:14,48.5,89.3,22.8,0,0.0,0.0,0.76,0.0,0.76,7.13,151.0,91.8,89.1,89.3,0.0,56.1,91.8,360,360,2.37,5.0,3.0,0,5,360,0,1,-25200,0,76,360,0,76,1,1788482940,0,0,0,0,0,713,0,1788620460,0,360,0,0,0,0,,0,0,181.102,360,2.56,19,19.304,2.5,0,0,0,0,0,1791247514,0
26994,2026-10-06T01:00:14,49.6,89.1,24.1,0,0.0,0.0,0.76,0.0,0.76,7.13,97.0,91.4,87.7,89.1,0.0,57.0,91.4,0,360,1.31,4.0,0.0,0,,360,0,1,-25200,0,76,,0,76,1,1788482940,0,0,0,0,0,713,0,1788620460,0,0,0,0,0,0,,0,0,181.102,0,0.0,19,19.304,0.0,0,0,0,0,0,1791248414,0
26995,2026-10-06T01:15:14,50.3,90.0,24.1,0,0.0,0.0,0.76,0.0,0.76,7.13,54.0,92.2,88.0,90.0,0.0,57.6,92.2,0,0,0.0,0.0,0.0,0,0,0,0,1,-25200,0,76,0,0,76,1,1788482940,0,0,0,0,0,713,0,1788620460,0,0,0,0,0,0,,0,0,181.102,0,0.0,19,19.304,0.0,0,0,0,0,0,1791249314,0
26996,2026-10-06T01:30:14,49.5,87.0,25.5,0,0.0,0.0,0.76,0.0,0.76,7.13,12.0,89.4,85.0,87.0,0.0,56.9,89.4,360,360,0.5,2.0,1.0,0,1,360,0,1,-25200,0,76,360,0,76,1,1788482940,0,0,0,0,0,713,0,1788620460,0,360,0,0,0,0,,0,0,181.102,360,0.87,19,19.304,0.81,0,0,0,0,0,1791250214,0
26997,2026-10-06T01:45:14,48.3,83.5,27.4,0,0.0,0.0,0.76,0.0,0.76,7.13,0.0,85.8,81.5,83.5,0.0,55.8,85.8,0,360,0.25,2.0,0.0,0,,360,0,1,-25200,0,76,,0,76,1,1788482940,0,0,0,0,0,713,0,1788620460,0,0,0,0,0,0,,0,0,181.102,0,0.0,19,19.304,0.0,0,0,0,0,0,1791251114,0
26998,2026-10-06T02:00:14,47.5,79.4,30.7,0,0.0,0.0,0.76,0.0,0.76,7.13,0.0,81.3,77.4,79.4,0.0,54.9,81.3,360,360,1.25,3.0,1.0,0,2,360,0,1,-25200,0,76,360,0,76,1,1788482940,0,0,0,0,0,713,0,1788620460,0,360,0,0,0,0,,0,0,181.102,360,1.06,19,19.304,1.06,0,0,0,0,0,1791252014,0
26999,2026-10-06T02:15:14,48.5,77.4,34.3,0,0.0,0.0,0.76,0.0,0.76,7.13,0.0,79.0,75.4,77.4,0.0,55.5,79.0,360,360,1.62,3.0,3.0,0,3,360,0,1,-25200,0,76,360,0,76,1,1788482940,0,0,0,0,0,713,0,1788620460,0,360,0,0,0,0,,0,0,181.102,360,2.12,19,19.304,2.18,0,0,0,0,0,1791252914,0
27000,2026-10-06T02:30:14,48.6,76.0,36.3,0,0.0,0.0,0.76,0.0,0.76,7.13,0.0,77.4,74.0,76.0,0.0,55.4,77.4,360,360,1.87,4.0,2.0,0,4,360,0,1,-25200,0,76,360,0,76,1,1788482940,0,0,0,0,0,713,0,1788620460,0,360,0,0,0,0,,0,0,181.102,360,2.81,19,19.304,2.75,0,0,0,0,0,1791253814,0
27001,2026-10-06T02:45:14,47.5,75.1,35.9,0,0.0,0.0,0.76,0.0,0.76,7.13,0.0,76.5,73.1,75.1,0.0,54.5,76.5,360,360,1.81,3.0,2.0,0,3,360,0,1,-25200,0,76,360,0,76,1,1788482940,0,0,0,0,0,713,0,1788620460,0,360,0,0,0,0,,0,0,181.102,360,1.43,19,19.304,1.25,0,0,0,0,0,1791254714,0
27002,2026-10-06T03:00:14,47.7,75.1,36.2,0,0.0,0.0,0.76,0.0,0.76,7.13,0.0,76.5,73.1,75.1,0.0,54.7,76.5,360,360,1.68,3.0,2.0,0,3,360,0,1,-25200,0,76,360,0,76,1,1788482940,0,0,0,0,0,713,0,1788620460,0,360,0,0,0,0,,0,0,181.102,360,2.0,19,19.304,2.0,0,0,0,0,0,1791255614,0
27003,2026-10-06T03:15:14,47.5,74.0,37.4,0,0.0,0.0,0.76,0.0,0.76,7.13,0.0,75.3,72.0,74.0,0.0,54.4,75.3,360,360,1.43,3.0,1.0,0,3,360,0,1,-25200,0,76,360,0,76,1,1788482940,0,0,0,0,0,713,0,1788620460,0,360,0,0,0,0,,0,0,181.102,360,1.37,19,19.304,1.56,0,0,0,0,0,1791256514,0
27004,2026-10-06T03:30:14,47.1,73.3,37.9,0,0.0,0.0,0.76,0.0,0.76,7.13,0.0,74.5,71.3,73.3,0.0,54.0,74.5,360,360,1.06,2.0,1.0,0,2,360,0,1,-25200,0,76,360,0,76,1,1788482940,0,0,0,0,0,713,0,1788620460,0,360,0,0,0,0,,0,0,181.102,360,0.87,19,19.304,0.68,0,0,0,0,0,1791257414,0
27005,2026-10-06T03:45:14,47.5,72.5,39.5,0,0.0,0.0,0.76,0.0,0.76,7.13,0.0,73.7,70.5,72.5,0.0,54.2,73.7,360,360,0.87,3.0,2.0,0,3,360,0,1,-25200,0,76,360,0,76,1,1788482940,0,0,0,0,0,713,0,1788620460,0,360,0,0,0,0,,0,0,181.102,360,1.0,19,19.304,1.0,0,0,0,0,0,1791258314,0
27006,2026-10-06T04:00:15,47.8,71.6,40.9,0,0.0,0.0,0.76,0.0,0.76,7.13,0.0,73.0,69.6,71.6,0.0,54.4,73.0,360,360,1.37,3.0,2.0,0,3,360,0,1,-25200,0,76,360,0,76,1,1788482940,0,0,0,0,0,713,0,1788620460,0,360,0,0,0,0,,0,0,181.102,360,1.62,19,19.304,1.87,0,0,0,0,0,1791259215,0
27007,2026-10-06T04:15:15,47.9,70.4,42.2,0,0.0,0.0,0.76,0.0,0.76,7.13,0.0,72.1,68.4,70.4,0.0,54.3,72.1,360,360,1.06,2.0,1.0,0,2,360,0,1,-25200,0,76,360,0,76,1,1788482940,0,0,0,0,0,713,0,1788620460,0,360,0,0,0,0,,0,0,181.102,360,1.12,19,19.304,1.0,0,0,0,0,0,1791260115,0
27008,2026-10-06T04:30:15,48.0,69.8,43.1,0,0.0,0.0,0.76,0.0,0.76,7.13,0.0,71.6,67.8,69.8,0.0,54.3,71.6,0,360,1.06,3.0,0.0,0,1,360,0,1,-25200,0,76,360,0,76,1,1788482940,0,0,0,0,0,713,0,1788620460,0,360,0,0,0,0,,0,0,181.102,360,0.18,19,19.304,0.25,0,0,0,0,0,1791261015,0
27009,2026-10-06T04:45:15,48.3,69.6,44.1,0,0.0,0.0,0.76,0.0,0.76,7.13,0.0,71.3,67.6,69.6,0.0,54.5,71.3,360,360,1.12,3.0,2.0,0,2,360,0,1,-25200,0,76,360,0,76,1,1788482940,0,0,0,0,0,713,0,1788620460,0,360,0,0,0,0,,0,0,181.102,360,1.25,19,19.304,1.25,0,0,0,0,0,1791261915,0
27010,2026-10-06T05:00:14,48.5,68.1,46.2,0,0.0,0.0,0.76,0.0,0.76,7.13,0.0,70.1,66.1,68.1,0.0,54.5,70.1,360,360,1.5,3.0,3.0,0,3,360,0,1,-25200,0,76,360,0,76,1,1788482940,0,0,0,0,0,713,0,1788620460,0,360,0,0,0,0,,0,0,181.102,360,1.5,19,19.304,1.37,0,0,0,0,0,1791262814,0
27011,2026-10-06T05:15:14,47.8,67.3,46.7,0,0.0,0.0,0.76,0.0,0.76,7.13,0.0,69.0,65.3,67.3,0.0,53.8,69.0,360,360,1.5,3.0,2.0,0,2,360,0,1,-25200,0,76,360,0,76,1,1788482940,0,0,0,0,0,713,0,1788620460,0,360,0,0,0,0,,0,0,181.102,360,1.12,19,19.304,1.12,0,0,0,0,0,1791263714,0
27012,2026-10-06T05:30:14,48.6,67.6,47.5,0,0.0,0.0,0.76,0.0,0.76,7.13,0.0,69.4,65.6,67.6,0.0,54.4,69.4,360,360,1.12,3.0,1.0,0,1,360,0,1,-25200,0,76,360,0,76,1,1788482940,0,0,0,0,0,713,0,1788620460,0,360,0,0,0,0,,0,0,181.102,360,0.68,19,19.304,0.56,0,0,0,0,0,1791264614,0
27013,2026-10-06T05:45:14,47.8,66.9,48.2,0,0.0,0.0,0.76,0.0,0.76,7.13,0.0,68.1,64.9,66.9,0.0,53.7,68.1,360,360,0.75,3.0,1.0,0,3,360,0,1,-25200,0,76,360,0,76,1,1788482940,0,0,0,0,0,713,0,1788620460,0,360,0,0,0,0,,0,0,181.102,360,1.18,19,19.304,1.37,0,0,0,0,0,1791265514,0
27014,2026-10-06T06:00:14,48.0,66.6,49.1,0,0.0,0.0,0.76,0.0,0.76,7.13,0.0,67.8,64.6,66.6,0.0,53.7,67.8,360,360,1.37,3.0,1.0,0,2,360,0,1,-25200,0,76,360,0,76,1,1788482940,0,0,0,0,0,713,0,1788620460,0,360,0,0,0,0,,0,0,181.102,360,1.12,19,19.304,1.06,0,0,0,0,0,1791266414,0
27015,2026-10-06T06:15:15,48.5,66.2,50.7,0,0.0,0.0,0.76,0.0,0.76,7.13,0.0,67.4,64.2,66.2,0.0,54.0,67.4,360,360,1.0,3.0,2.0,0,3,360,0,1,-25200,0,76,360,0,76,1,1788482940,0,0,0,0,0,713,0,1788620460,0,360,0,0,0,0,,0,0,181.102,360,1.25,19,19.304,1.43,0,0,0,0,0,1791267315,0
27016,2026-10-06T06:30:15,48.1,65.8,50.3,0,0.0,0.0,0.76,0.0,0.76,7.13,0.0,67.2,63.8,65.8,0.0,53.7,67.2,360,360,1.56,3.0,1.0,0,3,360,0,1,-25200,0,76,360,0,76,1,1788482940,0,0,0,0,0,713,0,1788620460,0,360,0,0,0,0,,0,0,181.102,360,1.68,19,19.304,1.68,0,0,0,0,0,1791268215,0
27017,2026-10-06T06:45:15,47.6,64.8,50.6,0,0.0,0.0,0.76,0.0,0.76,7.13,0.0,66.5,62.8,64.8,0.0,53.2,66.5,360,360,1.12,3.0,2.0,0,3,360,0,1,-25200,0,76,360,0,76,1,1788482940,0,0,0,0,0,713,0,1788620460,0,360,0,0,0,0,,0,0,181.102,360,1.62,19,19.304,1.62,0,0,0,0,0,1791269115,0
27018,2026-10-06T07:00:15,48.3,63.7,54.2,0,0.0,0.0,0.76,0.0,0.76,7.13,0.0,65.3,61.7,63.7,0.0,53.5,65.3,360,360,0.93,3.0,2.0,0,2,360,0,1,-25200,0,76,360,0,76,1,1788482940,0,0,0,0,0,713,0,1788620460,0,360,0,0,0,0,,0,0,181.102,360,1.37,19,19.304,1.5,0,0,0,0,0,1791270015,0
27019,2026-10-06T07:15:15,48.0,63.9,52.9,0,0.0,0.0,0.76,0.0,0.76,7.13,0.0,65.6,61.9,63.9,0.0,53.3,65.6,360,360,0.68,2.0,1.0,0,2,360,0,1,-25200,0,76,360,0,76,1,1788482940,0,0,0,0,0,713,0,1788620460,0,360,0,0,0,0,,0,0,181.102,360,0.37,19,19.304,0.18,0,0,0,0,0,1791270915,0
27020,2026-10-06T07:30:15,47.6,63.2,53.4,0,0.0,0.0,0.76,0.0,0.76,7.13,0.0,64.9,61.2,63.2,0.0,52.9,64.9,0,360,0.43,2.0,0.0,0,2,360,0,1,-25200,0,76,360,0,76,1,1788482940,0,0,0,0,0,713,0,1788620460,0,360,0,0,0,0,,0,0,181.102,360,0.5,19,19.304,0.75,0,0,0,0,0,1791271815,0
27021,2026-10-06T07:45:15,47.8,63.6,53.1,0,0.0,0.0,0.76,0.0,0.76,7.13,0.0,65.3,61.6,63.6,0.0,53.1,65.3,0,360,1.25,3.0,0.0,0,3,360,0,1,-25200,0,76,360,0,76,1,1788482940,0,0,0,0,0,713,0,1788620460,0,360,0,0,0,0,,0,0,181.102,360,1.43,19,19.304,1.25,0,0,0,0,0,1791272715,0
27022,2026-10-06T08:00:14,47.8,63.5,53.5,0,0.0,0.0,0.76,0.0,0.76,7.13,0.0,65.1,61.5,63.5,0.0,53.1,65.1,0,,0.5,2.0,0.0,0,1,360,0,1,-25200,0,76,360,0,76,1,1788482940,0,0,0,0,0,713,0,1788620460,0,360,0,0,0,0,,0,0,181.102,360,0.06,19,19.304,0.06,0,0,0,0,0,1791273614,0
27023,2026-10-06T08:15:14,47.5,63.2,53.5,0,0.0,0.0,0.76,0.0,0.76,7.13,0.0,64.8,61.2,63.2,0.0,52.8,64.8,0,360,0.5,2.0,0.0,0,2,360,0,1,-25200,0,76,360,0,76,1,1788482940,0,0,0,0,0,713,0,1788620460,0,360,0,0,0,0,,0,0,181.102,360,0.56,19,19.304,0.37,0,0,0,0,0,1791274514,0
27024,2026-10-06T08:30:15,47.5,63.1,53.6,0,0.0,0.0,0.76,0.0,0.76,7.13,0.0,64.7,61.1,63.1,0.0,52.8,64.7,360,360,0.87,2.0,1.0,0,2,360,0,1,-25200,0,76,360,0,76,1,1788482940,0,0,0,0,0,713,0,1788620460,0,360,0,0,0,0,,0,0,181.102,360,1.25,19,19.304,1.37,0,0,0,0,0,1791275415,0
27025,2026-10-06T08:45:15,47.3,62.4,54.7,0,0.0,0.0,0.76,0.0,0.76,7.13,0.0,63.9,60.4,62.4,0.0,52.5,63.9,360,360,1.0,3.0,3.0,0,2,360,0,1,-25200,0,76,360,0,76,1,1788482940,0,0,0,0,0,713,0,1788620460,0,360,0,0,0,0,,0,0,181.102,360,1.06,19,19.304,0.87,0,0,0,0,0,1791276315,0
27026,2026-10-06T09:00:15,47.4,62.3,55.2,0,0.0,0.0,0.76,0.0,0.76,7.13,0.0,63.8,60.3,62.3,0.0,52.6,63.8,360,360,1.18,3.0,1.0,0,2,360,0,1,-25200,0,76,360,0,76,1,1788482940,0,0,0,0,0,713,0,1788620460,0,360,0,0,0,0,,0,0,181.102,360,1.25,19,19.304,1.25,0,0,0,0,0,1791277215,0
27027,2026-10-06T09:15:15,47.3,61.8,56.1,0,0.0,0.0,0.76,0.0,0.76,7.13,0.0,63.2,59.8,61.8,0.0,52.4,63.2,0,360,1.18,3.0,0.0,0,2,360,0,1,-25200,0,76,360,0,76,1,1788482940,0,0,0,0,0,713,0,1788620460,0,360,0,0,0,0,,0,0,181.102,360,0.93,19,19.304,0.75,0,0,0,0,0,1791278115,0
27028,2026-10-06T09:30:15,46.8,61.8,54.9,0,0.0,0.0,0.76,0.0,0.76,7.13,0.0,63.3,59.8,61.8,0.0,52.1,63.3,0,360,0.12,3.0,0.0,0,3,360,0,1,-25200,0,76,360,0,76,1,1788482940,0,0,0,0,0,713,0,1788620460,0,360,0,0,0,0,,0,0,181.102,360,0.31,19,19.304,0.56,0,0,0,0,0,1791279015,0
27029,2026-10-06T09:45:15,47.2,62.3,54.8,0,0.0,0.0,0.76,0.0,0.76,7.13,0.0,63.8,60.3,62.3,0.0,52.4,63.8,360,360,0.68,3.0,2.0,0,2,360,0,1,-25200,0,76,360,0,76,1,1788482940,0,0,0,0,0,713,0,1788620460,0,360,0,0,0,0,,0,0,181.102,360,1.31,19,19.304,1.18,0,0,0,0,0,1791279915,0
27030,2026-10-06T10:00:15,47.2,62.0,55.5,0,0.0,0.0,0.76,0.0,0.76,7.13,0.0,63.4,60.0,62.0,0.0,52.3,63.4,360,360,1.06,3.0,3.0,0,3,360,0,1,-25200,0,76,360,0,76,1,1788482940,0,0,0,0,0,713,0,1788620460,0,360,0,0,0,0,,0,0,181.102,360,1.31,19,19.304,1.56,0,0,0,0,0,1791280815,0
27031,2026-10-06T10:15:15,47.1,61.5,56.3,0,0.0,0.0,0.76,0.0,0.76,7.13,0.0,62.9,59.5,61.5,0.0,52.2,62.9,360,360,1.12,3.0,1.0,0,2,360,0,1,-25200,0,76,360,0,76,1,1788482940,0,0,0,0,0,713,0,1788620460,0,360,0,0,0,0,,0,0,181.102,360,1.18,19,19.304,1.06,0,0,0,0,0,1791281715,0
27032,2026-10-06T10:30:15,47.4,61.2,57.9,0,0.0,0.0,0.76,0.0,0.76,7.13,0.0,62.4,59.2,61.2,0.0,52.3,62.4,360,360,1.37,3.0,2.0,0,2,360,0,1,-25200,0,76,360,0,76,1,1788482940,0,0,0,0,0,713,0,1788620460,0,360,0,0,0,0,,0,0,181.102,360,1.06,19,19.304,1.12,0,0,0,0,0,1791282615,0
27033,2026-10-06T10:45:14,46.9,61.5,55.8,0,0.0,0.0,0.76,0.0,0.76,7.13,0.0,62.9,59.5,61.5,0.0,52.0,62.9,360,360,1.0,3.0,2.0,0,3,360,0,1,-25200,0,76,360,0,76,1,1788482940,0,0,0,0,0,713,0,1788620460,0,360,0,0,0,0,,0,0,181.102,360,1.75,19,19.304,1.87,0,0,0,0,0,1791283514,0
27034,2026-10-06T11:00:14,47.1,62.0,55.2,0,0.0,0.0,0.76,0.0,0.76,7.13,0.0,63.5,60.0,62.0,0.0,52.3,63.5,360,360,1.18,4.0,2.0,0,4,360,0,1,-25200,0,76,360,0,76,1,1788482940,0,0,0,0,0,713,0,1788620460,0,360,0,0,0,0,,0,0,181.102,360,1.31,19,19.304,1.93,0,0,0,0,0,1791284414,0
27035,2026-10-06T11:15:14,46.7,61.0,56.4,0,0.0,0.0,0.76,0.0,0.76,7.13,0.0,62.4,59.0,61.0,0.0,51.8,62.4,360,360,1.06,3.0,1.0,0,2,360,0,1,-25200,0,76,360,0,76,1,1788482940,0,0,0,0,0,713,0,1788620460,0,360,0,0,0,0,,0,0,181.102,360,1.37,19,19.304,1.25,0,0,0,0,0,1791285314,0
27036,2026-10-06T11:30:14,46.8,61.9,54.6,0,0.0,0.0,0.76,0.0,0.76,7.13,0.0,63.4,59.9,61.9,0.0,52.1,63.4,0,360,1.06,3.0,0.0,0,2,360,0,1,-25200,0,76,360,0,76,1,1788482940,0,0,0,0,0,713,0,1788620460,0,360,0,0,0,0,,0,0,181.102,360,1.31,19,19.304,1.37,0,0,0,0,0,1791286214,0
27037,2026-10-06T11:45:14,46.8,62.1,54.2,0,0.0,0.0,0.76,0.0,0.76,7.13,0.0,63.7,60.1,62.1,0.0,52.1,63.7,360,360,1.75,3.0,2.0,0,2,360,0,1,-25200,0,76,360,0,76,1,1788482940,0,0,0,0,0,713,0,1788620460,0,360,0,0,0,0,,0,0,181.102,360,1.31,19,19.304,1.43,0,0,0,0,0,1791287114,0
27038,2026-10-06T12:00:14,46.9,62.0,54.7,0,0.0,0.0,0.76,0.0,0.76,7.13,0.0,63.5,60.0,62.0,0.0,52.2,63.5,360,360,1.62,3.0,1.0,0,3,360,0,1,-25200,0,76,360,0,76,1,1788482940,0,0,0,0,0,713,0,1788620460,0,360,0,0,0,0,,0,0,181.102,360,1.75,19,19.304,1.75,0,0,0,0,0,1791288014,0
27039,2026-10-06T12:15:14,46.4,60.8,56.5,0,0.0,0.0,0.76,0.0,0.76,7.13,0.0,62.1,58.8,60.8,0.0,51.5,62.1,360,360,1.5,3.0,2.0,0,3,360,0,1,-25200,0,76,360,0,76,1,1788482940,0,0,0,0,0,713,0,1788620460,0,360,0,0,0,0,,0,0,181.102,360,1.37,19,19.304,1.31,0,0,0,0,0,1791288914,0
27040,2026-10-06T12:30:14,46.4,61.0,55.9,0,0.0,0.0,0.76,0.0,0.76,7.13,0.0,62.4,59.0,61.0,0.0,51.6,62.4,0,360,1.37,3.0,0.0,0,2,360,0,1,-25200,0,76,360,0,76,1,1788482940,0,0,0,0,0,713,0,1788620460,0,360,0,0,0,0,,0,0,181.102,360,0.75,19,19.304,0.68,0,0,0,0,0,1791289814,0
27041,2026-10-06T12:45:14,46.3,61.0,55.3,0,0.0,0.0,0.76,0.0,0.76,7.13,0.0,62.5,59.0,61.0,0.0,51.5,62.5,0,360,0.56,2.0,0.0,0,2,360,0,1,-25200,0,76,360,0,76,1,1788482940,0,0,0,0,0,713,0,1788620460,0,360,0,0,0,0,,0,0,181.102,360,0.68,19,19.304,1.0,0,0,0,0,0,1791290714,0
27042,2026-10-06T13:00:14,45.7,60.7,54.8,0,0.0,0.0,0.76,0.0,0.76,7.13,0.0,62.2,58.7,60.7,0.0,51.1,62.2,0,360,0.93,3.0,0.0,0,1,360,0,1,-25200,0,76,360,0,76,1,1788482940,0,0,0,0,0,713,0,1788620460,0,360,0,0,0,0,,0,0,181.102,360,0.18,19,19.304,0.12,0,0,0,0,0,1791291614,0
27043,2026-10-06T13:15:15,45.6,62.0,51.4,0,0.0,0.0,0.76,0.0,0.76,7.13,0.0,63.9,60.0,62.0,0.0,51.4,63.9,360,360,0.31,2.0,2.0,0,2,360,0,1,-25200,0,76,360,0,76,1,1788482940,0,0,0,0,0,713,0,1788620460,0,360,0,0,0,0,,0,0,181.102,360,0.87,19,19.304,1.06,0,0,0,0,0,1791292515,0
27044,2026-10-06T13:30:15,46.2,60.9,55.3,0,0.0,0.0,0.76,0.0,0.76,7.13,0.0,62.4,58.9,60.9,0.0,51.5,62.4,360,360,1.43,3.0,1.0,0,2,360,0,1,-25200,0,76,360,0,76,1,1788482940,0,0,0,0,0,713,0,1788620460,0,360,0,0,0,0,,0,0,181.102,360,1.18,19,19.304,1.06,0,0,0,0,0,1791293415,0
27045,2026-10-06T13:45:15,46.0,61.3,54.0,0,0.0,0.0,0.76,0.0,0.76,7.13,0.0,62.9,59.3,61.3,0.0,51.4,62.9,360,360,1.31,3.0,1.0,0,3,360,0,1,-25200,0,76,360,0,76,1,1788482940,0,0,0,0,0,713,0,1788620460,0,360,0,0,0,0,,0,0,181.102,360,1.68,19,19.304,1.68,0,0,0,0,0,1791294315,0
27046,2026-10-06T14:00:15,45.4,59.3,57.3,0,0.0,0.0,0.76,0.0,0.76,7.13,0.0,60.6,57.3,59.3,0.0,50.5,60.6,360,360,1.5,3.0,2.0,0,2,360,0,1,-25200,0,76,360,0,76,1,1788482940,0,0,0,0,0,713,0,1788620460,0,360,0,0,0,0,,0,0,181.102,360,1.25,19,19.304,1.31,0,0,0,0,0,1791295215,0
27047,2026-10-06T14:15:15,45.4,59.2,57.4,0,0.0,0.0,0.76,0.0,0.76,7.13,0.0,60.5,57.2,59.2,0.0,50.5,60.5,360,360,1.12,2.0,1.0,0,2,360,0,1,-25200,0,76,360,0,76,1,1788482940,0,0,0,0,0,713,0,1788620460,0,360,0,0,0,0,,0,0,181.102,360,1.31,19,19.304,1.25,0,0,0,0,0,1791296115,0
27048,2026-10-06T14:30:15,45.5,59.4,57.2,0,0.0,0.0,0.76,0.0,0.76,7.13,12.0,60.7,57.4,59.4,0.0,50.6,60.7,360,360,1.12,4.0,3.0,0,4,360,0,1,-25200,0,76,360,0,76,1,1788482940,0,0,0,0,0,713,0,1788620460,0,360,0,0,0,0,,0,0,181.102,360,2.43,19,19.304,2.31,0,0,0,0,0,1791297015,0
27049,2026-10-06T14:45:15,45.6,59.5,57.5,0,0.0,0.0,0.76,0.0,0.76,7.13,18.0,60.7,57.5,59.5,0.0,50.7,60.7,0,360,1.31,4.0,0.0,0,1,360,0,1,-25200,0,76,360,0,76,1,1788482940,0,0,0,0,0,713,0,1788620460,0,360,0,0,0,0,,0,0,181.102,360,0.5,19,19.304,0.37,0,0,0,0,0,1791297915,0
27050,2026-10-06T15:00:15,46.6,60.8,56.9,0,0.0,0.0,0.76,0.0,0.76,7.13,21.0,62.1,58.8,60.8,0.0,51.7,62.1,360,360,1.0,4.0,1.0,0,1,360,0,1,-25200,0,76,360,0,76,1,1788482940,0,0,0,0,0,713,0,1788620460,0,360,0,0,0,0,,0,0,181.102,360,0.06,19,19.304,0.12,0,0,0,0,0,1791298815,0
27051,2026-10-06T15:15:15,47.2,62.6,54.1,0,0.0,0.0,0.76,0.0,0.76,7.13,26.0,64.2,60.7,62.6,0.0,52.5,64.2,0,360,0.75,2.0,0.0,0,2,360,0,1,-25200,0,76,360,0,76,1,1788482940,0,0,0,0,0,713,0,1788620460,0,360,0,0,0,0,,0,0,181.102,360,0.87,19,19.304,1.31,0,0,0,0,0,1791299715,0
27052,2026-10-06T15:30:15,47.9,65.1,50.8,0,0.0,0.0,0.76,0.0,0.76,7.13,47.0,66.7,63.4,65.1,0.0,53.5,66.7,0,360,0.43,2.0,0.0,0,1,360,0,1,-25200,0,76,360,0,76,1,1788482940,0,0,0,0,0,713,0,1788620460,0,360,0,0,0,0,,0,0,181.102,360,0.06,19,19.304,0.12,0,0,0,0,0,1791300615,0
27053,2026-10-06T15:45:15,46.6,67.1,45.1,0,0.0,0.0,0.76,0.0,0.76,7.13,56.0,68.8,65.3,67.1,0.0,52.9,68.8,0,360,0.12,2.0,0.0,0,,360,0,1,-25200,0,76,,0,76,1,1788482940,0,0,0,0,0,713,0,1788620460,0,0,0,0,0,0,,0,0,181.102,0,0.0,19,19.304,0.0,0,0,0,0,0,1791301515,0
27054,2026-10-06T16:00:15,47.4,68.7,43.6,0,0.0,0.0,0.76,0.0,0.76,7.13,56.0,70.6,67.3,68.7,0.0,53.7,70.6,0,360,0.31,2.0,0.0,0,2,360,0,1,-25200,0,76,360,0,76,1,1788482940,0,0,0,0,0,713,0,1788620460,0,360,0,0,0,0,,0,0,181.102,360,0.31,19,19.304,0.25,0,0,0,0,0,1791302415,0
27055,2026-10-06T16:15:15,47.6,70.2,41.9,0,0.0,0.0,0.76,0.0,0.76,7.13,42.0,72.0,68.7,70.2,0.0,54.1,72.0,360,360,0.56,3.0,1.0,0,2,360,0,1,-25200,0,76,360,0,76,1,1788482940,0,0,0,0,0,713,0,1788620460,0,360,0,0,0,0,,0,0,181.102,360,0.31,19,19.304,0.31,0,0,0,0,0,1791303315,0
27056,2026-10-06T16:30:15,47.6,72.2,39.8,0,0.0,0.0,0.76,0.0,0.76,7.13,223.0,73.5,72.8,72.2,1.0,54.3,73.5,360,360,1.56,4.0,1.0,0,3,360,0,1,-25200,0,76,360,0,76,1,1788482940,0,0,0,0,0,713,0,1788620460,0,360,0,0,0,0,,0,0,181.102,360,1.68,19,19.304,1.81,0,0,0,0,0,1791304215,0
27057,2026-10-06T16:45:15,48.1,74.3,38.0,0,0.0,0.0,0.76,0.0,0.76,7.13,76.0,75.5,74.7,74.3,0.9,54.9,75.5,360,360,1.5,5.0,2.0,0,2,360,0,1,-25200,0,76,360,0,76,1,1788482940,0,0,0,0,0,713,0,1788620460,0,360,0,0,0,0,,0,0,181.102,360,1.75,19,19.304,1.43,0,0,0,0,0,1791305115,0
27058,2026-10-06T17:00:15,48.5,75.3,37.2,0,0.0,0.0,0.76,0.0,0.76,7.13,37.0,76.6,73.8,75.3,0.0,55.3,76.6,360,360,0.62,3.0,2.0,0,2,360,0,1,-25200,0,76,360,0,76,1,1788482940,0,0,0,0,0,713,0,1788620460,0,360,0,0,0,0,,0,0,181.102,360,0.68,19,19.304,1.0,0,0,0,0,0,1791306015,0
27059,2026-10-06T17:15:15,48.6,77.0,35.0,0,0.0,0.0,0.76,0.0,0.76,7.13,35.0,78.5,75.3,77.0,0.0,55.5,78.5,360,360,1.31,3.0,1.0,0,3,360,0,1,-25200,0,76,360,0,76,1,1788482940,0,0,0,0,0,713,0,1788620460,0,360,0,0,0,0,,0,0,181.102,360,1.81,19,19.304,2.06,0,0,0,0,0,1791306915,0
27060,2026-10-06T17:30:15,49.5,78.9,34.0,0,0.0,0.0,0.76,0.0,0.76,7.13,35.0,80.5,77.3,78.9,0.0,56.4,80.5,360,360,1.62,4.0,3.0,0,4,360,0,1,-25200,0,76,360,0,76,1,1788482940,0,0,0,0,0,713,0,1788620460,0,360,0,0,0,0,,0,0,181.102,360,2.12,19,19.304,2.5,0,0,0,0,0,1791307815,0
27061,2026-10-06T17:45:15,48.9,80.3,31.5,0,0.0,0.0,0.76,0.0,0.76,7.13,40.0,82.1,79.2,80.3,0.0,56.0,82.1,360,360,1.06,3.0,2.0,0,3,360,0,1,-25200,0,76,360,0,76,1,1788482940,0,0,0,0,0,713,0,1788620460,0,360,0,0,0,0,,0,0,181.102,360,0.93,19,19.304,1.12,0,0,0,0,0,1791308715,0
27062,2026-10-06T18:00:15,51.2,82.2,32.3,0,0.0,0.0,0.76,0.0,0.76,7.13,70.0,84.0,80.9,82.2,1.4,58.0,84.0,360,360,0.81,5.0,4.0,0,5,360,0,1,-25200,0,76,360,0,76,1,1788482940,0,0,0,0,0,713,0,1788620460,0,360,0,0,0,0,,0,0,181.102,360,2.56,19,19.304,2.5,0,0,0,0,0,1791309615,0
27063,2026-10-06T18:15:15,50.8,83.8,30.0,0,0.0,0.0,0.76,0.0,0.76,7.13,42.0,85.8,82.5,83.8,0.0,57.8,85.8,360,360,1.93,4.0,3.0,0,3,360,0,1,-25200,0,76,360,0,76,1,1788482940,0,0,0,0,0,713,0,1788620460,0,360,0,0,0,0,,0,0,181.102,360,1.25,19,19.304,1.68,0,0,0,0,0,1791310515,0
27064,2026-10-06T18:30:15,48.5,85.5,25.8,0,0.0,0.0,0.76,0.0,0.76,7.13,139.0,87.9,84.3,85.5,1.5,56.0,87.9,360,360,2.25,8.0,5.0,0,8,360,0,1,-25200,0,76,360,0,76,1,1788482940,0,0,0,0,0,713,0,1788620460,0,360,0,0,0,0,,0,0,181.102,360,3.75,19,19.304,3.56,0,0,0,0,0,1791311415,0
27065,2026-10-06T18:45:15,47.2,86.3,23.8,0,0.0,0.0,0.76,0.0,0.76,7.13,125.0,88.9,86.5,86.3,1.8,55.0,88.9,360,360,3.31,6.0,6.0,0,6,360,0,1,-25200,0,76,360,0,76,1,1788482940,0,0,0,0,0,713,0,1788620460,0,360,0,0,0,0,,0,0,181.102,360,3.5,19,19.304,4.06,0,0,0,0,0,1791312315,0
27066,2026-10-06T19:00:15,50.6,87.4,26.3,0,0.0,0.0,0.76,0.0,0.76,7.13,93.0,89.8,89.6,87.4,2.2,57.8,89.8,360,360,2.18,6.0,3.0,0,3,360,0,1,-25200,0,76,360,0,76,1,1788482940,0,0,0,0,0,713,0,1788620460,0,360,0,0,0,0,,0,0,181.102,360,2.31,19,19.304,2.25,0,0,0,0,0,1791313215,0
27067,2026-10-06T19:15:15,47.9,87.3,23.7,0,0.0,0.0,0.76,0.0,0.76,7.13,123.0,89.9,89.0,87.3,2.3,55.6,89.9,0,360,2.68,9.0,0.0,0,5,360,0,1,-25200,0,76,360,0,76,1,1788482940,0,0,0,0,0,713,0,1788620460,0,360,0,0,0,0,,0,0,181.102,360,2.25,19,19.304,1.87,0,0,0,0,0,1791314115,0
27068,2026-10-06T19:30:15,49.4,88.6,24.2,0,0.0,0.0,0.76,0.0,0.76,7.13,680.0,91.0,98.5,88.6,3.9,56.8,91.0,360,360,2.75,6.0,4.0,0,6,360,0,1,-25200,0,76,360,0,76,1,1788482940,0,0,0,0,0,713,0,1788620460,0,360,0,0,0,0,,0,0,181.102,360,3.87,19,19.304,4.31,0,0,0,0,0,1791315015,0
27069,2026-10-06T19:45:15,50.4,89.4,24.6,0,0.0,0.0,0.76,0.0,0.76,7.13,691.0,91.6,99.5,89.4,4.0,57.7,91.6,360,360,3.06,8.0,2.0,0,8,360,0,1,-25200,0,76,360,0,76,1,1788482940,0,0,0,0,0,713,0,1788620460,0,360,0,0,0,0,,0,0,181.102,360,3.37,19,19.304,3.12,0,0,0,0,0,1791315915,0
27070,2026-10-06T20:00:15,50.5,89.9,24.4,0,0.0,0.0,0.76,0.0,0.76,7.13,696.0,92.0,100.2,89.9,4.0,57.8,92.0,360,357,3.43,9.0,4.0,0,4,287,0,1,-25200,0,76,360,0,76,1,1788482940,0,0,0,0,0,713,0,1788620460,0,360,0,0,0,0,,0,0,181.102,360,1.75,19,19.304,1.75,0,0,0,0,0,1791316815,0
27071,2026-10-06T20:15:15,49.9,90.0,23.7,0,0.0,0.0,0.76,0.0,0.76,7.13,700.0,92.3,100.4,90.0,4.0,57.3,92.3,278,262,3.81,9.0,6.0,0,8,270,0,1,-25200,0,76,300,0,76,1,1788482940,0,0,0,0,0,713,0,1788620460,0,266,0,0,0,0,,0,0,181.102,263,4.25,19,19.304,3.87,0,0,0,0,0,1791317715,0
27072,2026-10-06T20:30:15,50.9,90.7,24.1,0,0.0,0.0,0.76,0.0,0.76,7.13,696.0,92.9,101.2,90.7,3.9,58.1,92.9,220,210,3.75,10.0,5.0,0,10,139,0,1,-25200,0,76,139,0,76,1,1788482940,0,0,0,0,0,713,0,1788620460,0,184,0,0,0,0,,0,0,181.102,164,4.68,19,19.304,4.93,0,0,0,0,0,1791318615,0
27136,2026-10-06T20:45:15,52.0,90.5,25.5,0,0.0,0.0,0.76,0.0,0.76,7.13,687.0,92.4,101.2,90.5,3.7,59.0,92.4,243,226,4.56,11.0,3.0,0,10,236,0,1,-25200,0,76,261,0,76,1,1788482940,0,0,0,0,0,713,0,1788620460,0,233,0,0,0,0,,0,0,181.102,236,5.18,19,19.304,5.06,0,0,0,0,0,1791319515,0
27137,2026-10-06T20:45:15,52.0,90.5,25.5,0,0.0,0.0,0.76,0.0,0.76,7.13,687.0,92.4,101.2,90.5,3.7,59.0,92.4,243,226,4.56,11.0,3.0,0,10,236,0,1,-25200,0,76,261,0,76,1,1788482940,0,0,0,0,0,713,0,1788620460,0,233,0,0,0,0,,0,0,181.102,236,5.18,19,19.304,5.06,0,0,0,0,0,1791319515,0
27138,2026-10-06T20:45:15,52.0,90.5,25.5,0,0.0,0.0,0.76,0.0,0.76,7.13,687.0,92.4,101.2,90.5,3.7,59.0,92.4,243,226,4.56,11.0,3.0,0,10,236,0,1,-25200,0,76,261,0,76,1,1788482940,0,0,0,0,0,713,0,1788620460,0,233,0,0,0,0,,0,0,181.102,236,5.18,19,19.304,5.06,0,0,0,0,0,1791319515,0
27139,2026-10-06T20:45:15,52.0,90.5,25.5,0,0.0,0.0,0.76,0.0,0.76,7.13,687.0,92.4,101.2,90.5,3.7,59.0,92.4,243,226,4.56,11.0,3.0,0,10,236,0,1,-25200,0,76,261,0,76,1,1788482940,0,0,0,0,0,713,0,1788620460,0,233,0,0,0,0,,0,0,181.102,236,5.18,19,19.304,5.06,0,0,0,0,0,1791319515,0
27140,2026-10-06T20:45:15,52.0,90.5,25.5,0,0.0,0.0,0.76,0.0,0.76,7.13,687.0,92.4,101.2,90.5,3.7,59.0,92.4,243,226,4.56,11.0,3.0,0,10,236,0,1,-25200,0,76,261,0,76,1,1788482940,0,0,0,0,0,713,0,1788620460,0,233,0,0,0,0,,0,0,181.102,236,5.18,19,19.304,5.06,0,0,0,0,0,1791319515,0
27141,2026-10-06T20:45:15,52.0,90.5,25.5,0,0.0,0.0,0.76,0.0,0.76,7.13,687.0,92.4,101.2,90.5,3.7,59.0,92.4,243,226,4.56,11.0,3.0,0,10,236,0,1,-25200,0,76,261,0,76,1,1788482940,0,0,0,0,0,713,0,1788620460,0,233,0,0,0,0,,0,0,181.102,236,5.18,19,19.304,5.06,0,0,0,0,0,1791319515,0
27142,2026-10-06T20:45:15,52.0,90.5,25.5,0,0.0,0.0,0.76,0.0,0.76,7.13,687.0,92.4,101.2,90.5,3.7,59.0,92.4,243,226,4.56,11.0,3.0,0,10,236,0,1,-25200,0,76,261,0,76,1,1788482940,0,0,0,0,0,713,0,1788620460,0,233,0,0,0,0,,0,0,181.102,236,5.18,19,19.304,5.06,0,0,0,0,0,1791319515,0
27143,2026-10-06T20:45:15,52.0,90.5,25.5,0,0.0,0.0,0.76,0.0,0.76,7.13,687.0,92.4,101.2,90.5,3.7,59.0,92.4,243,226,4.56,11.0,3.0,0,10,236,0,1,-25200,0,76,261,0,76,1,1788482940,0,0,0,0,0,713,0,1788620460,0,233,0,0,0,0,,0,0,181.102,236,5.18,19,19.304,5.06,0,0,0,0,0,1791319515,0
27144,2026-10-06T20:45:15,52.0,90.5,25.5,0,0.0,0.0,0.76,0.0,0.76,7.13,687.0,92.4,101.2,90.5,3.7,59.0,92.4,243,226,4.56,11.0,3.0,0,10,236,0,1,-25200,0,76,261,0,76,1,1788482940,0,0,0,0,0,713,0,1788620460,0,233,0,0,0,0,,0,0,181.102,236,5.18,19,19.304,5.06,0,0,0,0,0,1791319515,0
27145,2026-10-06T20:45:15,52.0,90.5,25.5,0,0.0,0.0,0.76,0.0,0.76,7.13,687.0,92.4,101.2,90.5,3.7,59.0,92.4,243,226,4.56,11.0,3.0,0,10,236,0,1,-25200,0,76,261,0,76,1,1788482940,0,0,0,0,0,713,0,1788620460,0,233,0,0,0,0,,0,0,181.102,236,5.18,19,19.304,5.06,0,0,0,0,0,1791319515,0
27146,2026-10-06T20:45:15,52.0,90.5,25.5,0,0.0,0.0,0.76,0.0,0.76,7.13,687.0,92.4,101.2,90.5,3.7,59.0,92.4,243,226,4.56,11.0,3.0,0,10,236,0,1,-25200,0,76,261,0,76,1,1788482940,0,0,0,0,0,713,0,1788620460,0,233,0,0,0,0,,0,0,181.102,236,5.18,19,19.304,5.06,0,0,0,0,0,1791319515,0
27147,2026-10-06T20:45:15,52.0,90.5,25.5,0,0.0,0.0,0.76,0.0,0.76,7.13,687.0,92.4,101.2,90.5,3.7,59.0,92.4,243,226,4.56,11.0,3.0,0,10,236,0,1,-25200,0,76,261,0,76,1,1788482940,0,0,0,0,0,713,0,1788620460,0,233,0,0,0,0,,0,0,181.102,236,5.18,19,19.304,5.06,0,0,0,0,0,1791319515,0
27148,2026-10-06T20:45:15,52.0,90.5,25.5,0,0.0,0.0,0.76,0.0,0.76,7.13,687.0,92.4,101.2,90.5,3.7,59.0,92.4,243,226,4.56,11.0,3.0,0,10,236,0,1,-25200,0,76,261,0,76,1,1788482940,0,0,0,0,0,713,0,1788620460,0,233,0,0,0,0,,0,0,181.102,236,5.18,19,19.304,5.06,0,0,0,0,0,1791319515,0
27149,2026-10-06T20:45:15,52.0,90.5,25.5,0,0.0,0.0,0.76,0.0,0.76,7.13,687.0,92.4,101.2,90.5,3.7,59.0,92.4,243,226,4.56,11.0,3.0,0,10,236,0,1,-25200,0,76,261,0,76,1,1788482940,0,0,0,0,0,713,0,1788620460,0,233,0,0,0,0,,0,0,181.102,236,5.18,19,19.304,5.06,0,0,0,0,0,1791319515,0
27150,2026-10-06T20:45:15,52.0,90.5,25.5,0,0.0,0.0,0.76,0.0,0.76,7.13,687.0,92.4,101.2,90.5,3.7,59.0,92.4,243,226,4.56,11.0,3.0,0,10,236,0,1,-25200,0,76,261,0,76,1,1788482940,0,0,0,0,0,713,0,1788620460,0,233,0,0,0,0,,0,0,181.102,236,5.18,19,19.304,5.06,0,0,0,0,0,1791319515,0
27151,2026-10-06T20:45:15,52.0,90.5,25.5,0,0.0,0.0,0.76,0.0,0.76,7.13,687.0,92.4,101.2,90.5,3.7,59.0,92.4,243,226,4.56,11.0,3.0,0,10,236,0,1,-25200,0,76,261,0,76,1,1788482940,0,0,0,0,0,713,0,1788620460,0,233,0,0,0,0,,0,0,181.102,236,5.18,19,19.304,5.06,0,0,0,0,0,1791319515,0
27152,2026-10-06T20:45:15,52.0,90.5,25.5,0,0.0,0.0,0.76,0.0,0.76,7.13,687.0,92.4,101.2,90.5,3.7,59.0,92.4,243,226,4.56,11.0,3.0,0,10,236,0,1,-25200,0,76,261,0,76,1,1788482940,0,0,0,0,0,713,0,1788620460,0,233,0,0,0,0,,0,0,181.102,236,5.18,19,19.304,5.06,0,0,0,0,0,1791319515,0
27153,2026-10-06T20:45:15,52.0,90.5,25.5,0,0.0,0.0,0.76,0.0,0.76,7.13,687.0,92.4,101.2,90.5,3.7,59.0,92.4,243,226,4.56,11.0,3.0,0,10,236,0,1,-25200,0,76,261,0,76,1,1788482940,0,0,0,0,0,713,0,1788620460,0,233,0,0,0,0,,0,0,181.102,236,5.18,19,19.304,5.06,0,0,0,0,0,1791319515,0
27154,2026-10-06T20:45:15,52.0,90.5,25.5,0,0.0,0.0,0.76,0.0,0.76,7.13,687.0,92.4,101.2,90.5,3.7,59.0,92.4,243,226,4.56,11.0,3.0,0,10,236,0,1,-25200,0,76,261,0,76,1,1788482940,0,0,0,0,0,713,0,1788620460,0,233,0,0,0,0,,0,0,181.102,236,5.18,19,19.304,5.06,0,0,0,0,0,1791319515,0
27155,2026-10-06T20:45:15,52.0,90.5,25.5,0,0.0,0.0,0.76,0.0,0.76,7.13,687.0,92.4,101.2,90.5,3.7,59.0,92.4,243,226,4.56,11.0,3.0,0,10,236,0,1,-25200,0,76,261,0,76,1,1788482940,0,0,0,0,0,713,0,1788620460,0,233,0,0,0,0,,0,0,181.102,236,5.18,19,19.304,5.06,0,0,0,0,0,1791319515,0
27156,2026-10-06T20:45:15,52.0,90.5,25.5,0,0.0,0.0,0.76,0.0,0.76,7.13,687.0,92.4,101.2,90.5,3.7,59.0,92.4,243,226,4.56,11.0,3.0,0,10,236,0,1,-25200,0,76,261,0,76,1,1788482940,0,0,0,0,0,713,0,1788620460,0,233,0,0,0,0,,0,0,181.102,236,5.18,19,19.304,5.06,0,0,0,0,0,1791319515,0
27157,2026-10-06T20:45:15,52.0,90.5,25.5,0,0.0,0.0,0.76,0.0,0.76,7.13,687.0,92.4,101.2,90.5,3.7,59.0,92.4,243,226,4.56,11.0,3.0,0,10,236,0,1,-25200,0,76,261,0,76,1,1788482940,0,0,0,0,0,713,0,1788620460,0,233,0,0,0,0,,0,0,181.102,236,5.18,19,19.304,5.06,0,0,0,0,0,1791319515,0
27158,2026-10-06T20:45:15,52.0,90.5,25.5,0,0.0,0.0,0.76,0.0,0.76,7.13,687.0,92.4,101.2,90.5,3.7,59.0,92.4,243,226,4.56,11.0,3.0,0,10,236,0,1,-25200,0,76,261,0,76,1,1788482940,0,0,0,0,0,713,0,1788620460,0,233,0,0,0,0,,0,0,181.102,236,5.18,19,19.304,5.06,0,0,0,0,0,1791319515,0
27159,2026-10-06T20:45:15,52.0,90.5,25.5,0,0.0,0.0,0.76,0.0,0.76,7.13,687.0,92.4,101.2,90.5,3.7,59.0,92.4,243,226,4.56,11.0,3.0,0,10,236,0,1,-25200,0,76,261,0,76,1,1788482940,0,0,0,0,0,713,0,1788620460,0,233,0,0,0,0,,0,0,181.102,236,5.18,19,19.304,5.06,0,0,0,0,0,1791319515,0
27160,2026-10-06T20:45:15,52.0,90.5,25.5,0,0.0,0.0,0.76,0.0,0.76,7.13,687.0,92.4,101.2,90.5,3.7,59.0,92.4,243,226,4.56,11.0,3.0,0,10,236,0,1,-25200,0,76,261,0,76,1,1788482940,0,0,0,0,0,713,0,1788620460,0,233,0,0,0,0,,0,0,181.102,236,5.18,19,19.304,5.06,0,0,0,0,0,1791319515,0
27161,2026-10-06T20:45:15,52.0,90.5,25.5,0,0.0,0.0,0.76,0.0,0.76,7.13,687.0,92.4,101.2,90.5,3.7,59.0,92.4,243,226,4.56,11.0,3.0,0,10,236,0,1,-25200,0,76,261,0,76,1,1788482940,0,0,0,0,0,713,0,1788620460,0,233,0,0,0,0,,0,0,181.102,236,5.18,19,19.304,5.06,0,0,0,0,0,1791319515,0
27162,2026-10-06T20:45:15,52.0,90.5,25.5,0,0.0,0.0,0.76,0.0,0.76,7.13,687.0,92.4,101.2,90.5,3.7,59.0,92.4,243,226,4.56,11.0,3.0,0,10,236,0,1,-25200,0,76,261,0,76,1,1788482940,0,0,0,0,0,713,0,1788620460,0,233,0,0,0,0,,0,0,181.102,236,5.18,19,19.304,5.06,0,0,0,0,0,1791319515,0
27163,2026-10-06T20:45:15,52.0,90.5,25.5,0,0.0,0.0,0.76,0.0,0.76,7.13,687.0,92.4,101.2,90.5,3.7,59.0,92.4,243,226,4.56,11.0,3.0,0,10,236,0,1,-25200,0,76,261,0,76,1,1788482940,0,0,0,0,0,713,0,1788620460,0,233,0,0,0,0,,0,0,181.102,236,5.18,19,19.304,5.06,0,0,0,0,0,1791319515,0
27164,2026-10-06T20:45:15,52.0,90.5,25.5,0,0.0,0.0,0.76,0.0,0.76,7.13,687.0,92.4,101.2,90.5,3.7,59.0,92.4,243,226,4.56,11.0,3.0,0,10,236,0,1,-25200,0,76,261,0,76,1,1788482940,0,0,0,0,0,713,0,1788620460,0,233,0,0,0,0,,0,0,181.102,236,5.18,19,19.304,5.06,0,0,0,0,0,1791319515,0
27165,2026-10-06T20:45:15,52.0,90.5,25.5,0,0.0,0.0,0.76,0.0,0.76,7.13,687.0,92.4,101.2,90.5,3.7,59.0,92.4,243,226,4.56,11.0,3.0,0,10,236,0,1,-25200,0,76,261,0,76,1,1788482940,0,0,0,0,0,713,0,1788620460,0,233,0,0,0,0,,0,0,181.102,236,5.18,19,19.304,5.06,0,0,0,0,0,1791319515,0
27166,2026-10-06T20:45:15,52.0,90.5,25.5,0,0.0,0.0,0.76,0.0,0.76,7.13,687.0,92.4,101.2,90.5,3.7,59.0,92.4,243,226,4.56,11.0,3.0,0,10,236,0,1,-25200,0,76,261,0,76,1,1788482940,0,0,0,0,0,713,0,1788620460,0,233,0,0,0,0,,0,0,181.102,236,5.18,19,19.304,5.06,0,0,0,0,0,1791319515,0
27167,2026-10-06T20:45:15,52.0,90.5,25.5,0,0.0,0.0,0.76,0.0,0.76,7.13,687.0,92.4,101.2,90.5,3.7,59.0,92.4,243,226,4.56,11.0,3.0,0,10,236,0,1,-25200,0,76,261,0,76,1,1788482940,0,0,0,0,0,713,0,1788620460,0,233,0,0,0,0,,0,0,181.102,236,5.18,19,19.304,5.06,0,0,0,0,0,1791319515,0
27168,2026-10-06T20:45:15,52.0,90.5,25.5,0,0.0,0.0,0.76,0.0,0.76,7.13,687.0,92.4,101.2,90.5,3.7,59.0,92.4,243,226,4.56,11.0,3.0,0,10,236,0,1,-25200,0,76,261,0,76,1,1788482940,0,0,0,0,0,713,0,1788620460,0,233,0,0,0,0,,0,0,181.102,236,5.18,19,19.304,5.06,0,0,0,0,0,1791319515,0
27169,2026-10-06T20:45:15,52.0,90.5,25.5,0,0.0,0.0,0.76,0.0,0.76,7.13,687.0,92.4,101.2,90.5,3.7,59.0,92.4,243,226,4.56,11.0,3.0,0,10,236,0,1,-25200,0,76,261,0,76,1,1788482940,0,0,0,0,0,713,0,1788620460,0,233,0,0,0,0,,0,0,181.102,236,5.18,19,19.304,5.06,0,0,0,0,0,1791319515,0
27170,2026-10-06T20:45:15,52.0,90.5,25.5,0,0.0,0.0,0.76,0.0,0.76,7.13,687.0,92.4,101.2,90.5,3.7,59.0,92.4,243,226,4.56,11.0,3.0,0,10,236,0,1,-25200,0,76,261,0,76,1,1788482940,0,0,0,0,0,713,0,1788620460,0,233,0,0,0,0,,0,0,181.102,236,5.18,19,19.304,5.06,0,0,0,0,0,1791319515,0
27171,2026-10-06T20:45:15,52.0,90.5,25.5,0,0.0,0.0,0.76,0.0,0.76,7.13,687.0,92.4,101.2,90.5,3.7,59.0,92.4,243,226,4.56,11.0,3.0,0,10,236,0,1,-25200,0,76,261,0,76,1,1788482940,0,0,0,0,0,713,0,1788620460,0,233,0,0,0,0,,0,0,181.102,236,5.18,19,19.304,5.06,0,0,0,0,0,1791319515,0
27172,2026-10-06T20:45:15,52.0,90.5,25.5,0,0.0,0.0,0.76,0.0,0.76,7.13,687.0,92.4,101.2,90.5,3.7,59.0,92.4,243,226,4.56,11.0,3.0,0,10,236,0,1,-25200,0,76,261,0,76,1,1788482940,0,0,0,0,0,713,0,1788620460,0,233,0,0,0,0,,0,0,181.102,236,5.18,19,19.304,5.06,0,0,0,0,0,1791319515,0
27173,2026-10-06T20:45:15,52.0,90.5,25.5,0,0.0,0.0,0.76,0.0,0.76,7.13,687.0,92.4,101.2,90.5,3.7,59.0,92.4,243,226,4.56,11.0,3.0,0,10,236,0,1,-25200,0,76,261,0,76,1,1788482940,0,0,0,0,0,713,0,1788620460,0,233,0,0,0,0,,0,0,181.102,236,5.18,19,19.304,5.06,0,0,0,0,0,1791319515,0
27174,2026-10-06T20:45:15,52.0,90.5,25.5,0,0.0,0.0,0.76,0.0,0.76,7.13,687.0,92.4,101.2,90.5,3.7,59.0,92.4,243,226,4.56,11.0,3.0,0,10,236,0,1,-25200,0,76,261,0,76,1,1788482940,0,0,0,0,0,713,0,1788620460,0,233,0,0,0,0,,0,0,181.102,236,5.18,19,19.304,5.06,0,0,0,0,0,1791319515,0
27175,2026-10-06T20:45:15,52.0,90.5,25.5,0,0.0,0.0,0.76,0.0,0.76,7.13,687.0,92.4,101.2,90.5,3.7,59.0,92.4,243,226,4.56,11.0,3.0,0,10,236,0,1,-25200,0,76,261,0,76,1,1788482940,0,0,0,0,0,713,0,1788620460,0,233,0,0,0,0,,0,0,181.102,236,5.18,19,19.304,5.06,0,0,0,0,0,1791319515,0
27176,2026-10-06T20:45:15,52.0,90.5,25.5,0,0.0,0.0,0.76,0.0,0.76,7.13,687.0,92.4,101.2,90.5,3.7,59.0,92.4,243,226,4.56,11.0,3.0,0,10,236,0,1,-25200,0,76,261,0,76,1,1788482940,0,0,0,0,0,713,0,1788620460,0,233,0,0,0,0,,0,0,181.102,236,5.18,19,19.304,5.06,0,0,0,0,0,1791319515,0
27177,2026-10-06T20:45:15,52.0,90.5,25.5,0,0.0,0.0,0.76,0.0,0.76,7.13,687.0,92.4,101.2,90.5,3.7,59.0,92.4,243,226,4.56,11.0,3.0,0,10,236,0,1,-25200,0,76,261,0,76,1,1788482940,0,0,0,0,0,713,0,1788620460,0,233,0,0,0,0,,0,0,181.102,236,5.18,19,19.304,5.06,0,0,0,0,0,1791319515,0
27178,2026-10-06T20:45:15,52.0,90.5,25.5,0,0.0,0.0,0.76,0.0,0.76,7.13,687.0,92.4,101.2,90.5,3.7,59.0,92.4,243,226,4.56,11.0,3.0,0,10,236,0,1,-25200,0,76,261,0,76,1,1788482940,0,0,0,0,0,713,0,1788620460,0,233,0,0,0,0,,0,0,181.102,236,5.18,19,19.304,5.06,0,0,0,0,0,1791319515,0
27179,2026-10-06T20:45:15,52.0,90.5,25.5,0,0.0,0.0,0.76,0.0,0.76,7.13,687.0,92.4,101.2,90.5,3.7,59.0,92.4,243,226,4.56,11.0,3.0,0,10,236,0,1,-25200,0,76,261,0,76,1,1788482940,0,0,0,0,0,713,0,1788620460,0,233,0,0,0,0,,0,0,181.102,236,5.18,19,19.304,5.06,0,0,0,0,0,1791319515,0
27180,2026-10-06T20:45:15,52.0,90.5,25.5,0,0.0,0.0,0.76,0.0,0.76,7.13,687.0,92.4,101.2,90.5,3.7,59.0,92.4,243,226,4.56,11.0,3.0,0,10,236,0,1,-25200,0,76,261,0,76,1,1788482940,0,0,0,0,0,713,0,1788620460,0,233,0,0,0,0,,0,0,181.102,236,5.18,19,19.304,5.06,0,0,0,0,0,1791319515,0
27181,2026-10-06T20:45:15,52.0,90.5,25.5,0,0.0,0.0,0.76,0.0,0.76,7.13,687.0,92.4,101.2,90.5,3.7,59.0,92.4,243,226,4.56,11.0,3.0,0,10,236,0,1,-25200,0,76,261,0,76,1,1788482940,0,0,0,0,0,713,0,1788620460,0,233,0,0,0,0,,0,0,181.102,236,5.18,19,19.304,5.06,0,0,0,0,0,1791319515,0
27182,2026-10-06T20:45:15,52.0,90.5,25.5,0,0.0,0.0,0.76,0.0,0.76,7.13,687.0,92.4,101.2,90.5,3.7,59.0,92.4,243,226,4.56,11.0,3.0,0,10,236,0,1,-25200,0,76,261,0,76,1,1788482940,0,0,0,0,0,713,0,1788620460,0,233,0,0,0,0,,0,0,181.102,236,5.18,19,19.304,5.06,0,0,0,0,0,1791319515,0
27183,2026-10-06T20:45:15,52.0,90.5,25.5,0,0.0,0.0,0.76,0.0,0.76,7.13,687.0,92.4,101.2,90.5,3.7,59.0,92.4,243,226,4.56,11.0,3.0,0,10,236,0,1,-25200,0,76,261,0,76,1,1788482940,0,0,0,0,0,713,0,1788620460,0,233,0,0,0,0,,0,0,181.102,236,5.18,19,19.304,5.06,0,0,0,0,0,1791319515,0
27184,2026-10-06T20:45:15,52.0,90.5,25.5,0,0.0,0.0,0.76,0.0,0.76,7.13,687.0,92.4,101.2,90.5,3.7,59.0,92.4,243,226,4.56,11.0,3.0,0,10,236,0,1,-25200,0,76,261,0,76,1,1788482940,0,0,0,0,0,713,0,1788620460,0,233,0,0,0,0,,0,0,181.102,236,5.18,19,19.304,5.06,0,0,0,0,0,1791319515,0
27185,2026-10-06T20:45:15,52.0,90.5,25.5,0,0.0,0.0,0.76,0.0,0.76,7.13,687.0,92.4,101.2,90.5,3.7,59.0,92.4,243,226,4.56,11.0,3.0,0,10,236,0,1,-25200,0,76,261,0,76,1,1788482940,0,0,0,0,0,713,0,1788620460,0,233,0,0,0,0,,0,0,181.102,236,5.18,19,19.304,5.06,0,0,0,0,0,1791319515,0
27186,2026-10-06T20:45:15,52.0,90.5,25.5,0,0.0,0.0,0.76,0.0,0.76,7.13,687.0,92.4,101.2,90.5,3.7,59.0,92.4,243,226,4.56,11.0,3.0,0,10,236,0,1,-25200,0,76,261,0,76,1,1788482940,0,0,0,0,0,713,0,1788620460,0,233,0,0,0,0,,0,0,181.102,236,5.18,19,19.304,5.06,0,0,0,0,0,1791319515,0
27187,2026-10-06T20:45:15,52.0,90.5,25.5,0,0.0,0.0,0.76,0.0,0.76,7.13,687.0,92.4,101.2,90.5,3.7,59.0,92.4,243,226,4.56,11.0,3.0,0,10,236,0,1,-25200,0,76,261,0,76,1,1788482940,0,0,0,0,0,713,0,1788620460,0,233,0,0,0,0,,0,0,181.102,236,5.18,19,19.304,5.06,0,0,0,0,0,1791319515,0
27188,2026-10-06T20:45:15,52.0,90.5,25.5,0,0.0,0.0,0.76,0.0,0.76,7.13,687.0,92.4,101.2,90.5,3.7,59.0,92.4,243,226,4.56,11.0,3.0,0,10,236,0,1,-25200,0,76,261,0,76,1,1788482940,0,0,0,0,0,713,0,1788620460,0,233,0,0,0,0,,0,0,181.102,236,5.18,19,19.304,5.06,0,0,0,0,0,1791319515,0
27189,2026-10-06T20:45:15,52.0,90.5,25.5,0,0.0,0.0,0.76,0.0,0.76,7.13,687.0,92.4,101.2,90.5,3.7,59.0,92.4,243,226,4.56,11.0,3.0,0,10,236,0,1,-25200,0,76,261,0,76,1,1788482940,0,0,0,0,0,713,0,1788620460,0,233,0,0,0,0,,0,0,181.102,236,5.18,19,19.304,5.06,0,0,0,0,0,1791319515,0
27190,2026-10-06T20:45:15,52.0,90.5,25.5,0,0.0,0.0,0.76,0.0,0.76,7.13,687.0,92.4,101.2,90.5,3.7,59.0,92.4,243,226,4.56,11.0,3.0,0,10,236,0,1,-25200,0,76,261,0,76,1,1788482940,0,0,0,0,0,713,0,1788620460,0,233,0,0,0,0,,0,0,181.102,236,5.18,19,19.304,5.06,0,0,0,0,0,1791319515,0
27191,2026-10-06T20:45:15,52.0,90.5,25.5,0,0.0,0.0,0.76,0.0,0.76,7.13,687.0,92.4,101.2,90.5,3.7,59.0,92.4,243,226,4.56,11.0,3.0,0,10,236,0,1,-25200,0,76,261,0,76,1,1788482940,0,0,0,0,0,713,0,1788620460,0,233,0,0,0,0,,0,0,181.102,236,5.18,19,19.304,5.06,0,0,0,0,0,1791319515,0
27192,2026-10-06T20:45:15,52.0,90.5,25.5,0,0.0,0.0,0.76,0.0,0.76,7.13,687.0,92.4,101.2,90.5,3.7,59.0,92.4,243,226,4.56,11.0,3.0,0,10,236,0,1,-25200,0,76,261,0,76,1,1788482940,0,0,0,0,0,713,0,1788620460,0,233,0,0,0,0,,0,0,181.102,236,5.18,19,19.304,5.06,0,0,0,0,0,1791319515,0
27193,2026-10-06T20:45:15,52.0,90.5,25.5,0,0.0,0.0,0.76,0.0,0.76,7.13,687.0,92.4,101.2,90.5,3.7,59.0,92.4,243,226,4.56,11.0,3.0,0,10,236,0,1,-25200,0,76,261,0,76,1,1788482940,0,0,0,0,0,713,0,1788620460,0,233,0,0,0,0,,0,0,181.102,236,5.18,19,19.304,5.06,0,0,0,0,0,1791319515,0
27194,2026-10-06T20:45:15,52.0,90.5,25.5,0,0.0,0.0,0.76,0.0,0.76,7.13,687.0,92.4,101.2,90.5,3.7,59.0,92.4,243,226,4.56,11.0,3.0,0,10,236,0,1,-25200,0,76,261,0,76,1,1788482940,0,0,0,0,0,713,0,1788620460,0,233,0,0,0,0,,0,0,181.102,236,5.18,19,19.304,5.06,0,0,0,0,0,1791319515,0
27195,2026-10-06T20:45:15,52.0,90.5,25.5,0,0.0,0.0,0.76,0.0,0.76,7.13,687.0,92.4,101.2,90.5,3.7,59.0,92.4,243,226,4.56,11.0,3.0,0,10,236,0,1,-25200,0,76,261,0,76,1,1788482940,0,0,0,0,0,713,0,1788620460,0,233,0,0,0,0,,0,0,181.102,236,5.18,19,19.304,5.06,0,0,0,0,0,1791319515,0
27196,2026-10-06T20:45:15,52.0,90.5,25.5,0,0.0,0.0,0.76,0.0,0.76,7.13,687.0,92.4,101.2,90.5,3.7,59.0,92.4,243,226,4.56,11.0,3.0,0,10,236,0,1,-25200,0,76,261,0,76,1,1788482940,0,0,0,0,0,713,0,1788620460,0,233,0,0,0,0,,0,0,181.102,236,5.18,19,19.304,5.06,0,0,0,0,0,1791319515,0
27197,2026-10-06T20:45:15,52.0,90.5,25.5,0,0.0,0.0,0.76,0.0,0.76,7.13,687.0,92.4,101.2,90.5,3.7,59.0,92.4,243,226,4.56,11.0,3.0,0,10,236,0,1,-25200,0,76,261,0,76,1,1788482940,0,0,0,0,0,713,0,1788620460,0,233,0,0,0,0,,0,0,181.102,236,5.18,19,19.304,5.06,0,0,0,0,0,1791319515,0
27198,2026-10-06T20:45:15,52.0,90.5,25.5,0,0.0,0.0,0.76,0.0,0.76,7.13,687.0,92.4,101.2,90.5,3.7,59.0,92.4,243,226,4.56,11.0,3.0,0,10,236,0,1,-25200,0,76,261,0,76,1,1788482940,0,0,0,0,0,713,0,1788620460,0,233,0,0,0,0,,0,0,181.102,236,5.18,19,19.304,5.06,0,0,0,0,0,1791319515,0
27199,2026-10-06T20:45:15,52.0,90.5,25.5,0,0.0,0.0,0.76,0.0,0.76,7.13,687.0,92.4,101.2,90.5,3.7,59.0,92.4,243,226,4.56,11.0,3.0,0,10,236,0,1,-25200,0,76,261,0,76,1,1788482940,0,0,0,0,0,713,0,1788620460,0,233,0,0,0,0,,0,0,181.102,236,5.18,19,19.304,5.06,0,0,0,0,0,1791319515,0
27200,2026-10-06T20:45:15,52.0,90.5,25.5,0,0.0,0.0,0.76,0.0,0.76,7.13,687.0,92.4,101.2,90.5,3.7,59.0,92.4,243,226,4.56,11.0,3.0,0,10,236,0,1,-25200,0,76,261,0,76,1,1788482940,0,0,0,0,0,713,0,1788620460,0,233,0,0,0,0,,0,0,181.102,236,5.18,19,19.304,5.06,0,0,0,0,0,1791319515,0
27201,2026-10-06T20:45:15,52.0,90.5,25.5,0,0.0,0.0,0.76,0.0,0.76,7.13,687.0,92.4,101.2,90.5,3.7,59.0,92.4,243,226,4.56,11.0,3.0,0,10,236,0,1,-25200,0,76,261,0,76,1,1788482940,0,0,0,0,0,713,0,1788620460,0,233,0,0,0,0,,0,0,181.102,236,5.18,19,19.304,5.06,0,0,0,0,0,1791319515,0
27202,2026-10-06T20:45:15,52.0,90.5,25.5,0,0.0,0.0,0.76,0.0,0.76,7.13,687.0,92.4,101.2,90.5,3.7,59.0,92.4,243,226,4.56,11.0,3.0,0,10,236,0,1,-25200,0,76,261,0,76,1,1788482940,0,0,0,0,0,713,0,1788620460,0,233,0,0,0,0,,0,0,181.102,236,5.18,19,19.304,5.06,0,0,0,0,0,1791319515,0
27203,2026-10-06T20:45:15,52.0,90.5,25.5,0,0.0,0.0,0.76,0.0,0.76,7.13,687.0,92.4,101.2,90.5,3.7,59.0,92.4,243,226,4.56,11.0,3.0,0,10,236,0,1,-25200,0,76,261,0,76,1,1788482940,0,0,0,0,0,713,0,1788620460,0,233,0,0,0,0,,0,0,181.102,236,5.18,19,19.304,5.06,0,0,0,0,0,1791319515,0
27204,2026-10-06T20:45:15,52.0,90.5,25.5,0,0.0,0.0,0.76,0.0,0.76,7.13,687.0,92.4,101.2,90.5,3.7,59.0,92.4,243,226,4.56,11.0,3.0,0,10,236,0,1,-25200,0,76,261,0,76,1,1788482940,0,0,0,0,0,713,0,1788620460,0,233,0,0,0,0,,0,0,181.102,236,5.18,19,19.304,5.06,0,0,0,0,0,1791319515,0
27205,2026-10-06T20:45:15,52.0,90.5,25.5,0,0.0,0.0,0.76,0.0,0.76,7.13,687.0,92.4,101.2,90.5,3.7,59.0,92.4,243,226,4.56,11.0,3.0,0,10,236,0,1,-25200,0,76,261,0,76,1,1788482940,0,0,0,0,0,713,0,1788620460,0,233,0,0,0,0,,0,0,181.102,236,5.18,19,19.304,5.06,0,0,0,0,0,1791319515,0
27206,2026-10-06T20:45:15,52.0,90.5,25.5,0,0.0,0.0,0.76,0.0,0.76,7.13,687.0,92.4,101.2,90.5,3.7,59.0,92.4,243,226,4.56,11.0,3.0,0,10,236,0,1,-25200,0,76,261,0,76,1,1788482940,0,0,0,0,0,713,0,1788620460,0,233,0,0,0,0,,0,0,181.102,236,5.18,19,19.304,5.06,0,0,0,0,0,1791319515,0
27207,2026-10-06T20:45:15,52.0,90.5,25.5,0,0.0,0.0,0.76,0.0,0.76,7.13,687.0,92.4,101.2,90.5,3.7,59.0,92.4,243,226,4.56,11.0,3.0,0,10,236,0,1,-25200,0,76,261,0,76,1,1788482940,0,0,0,0,0,713,0,1788620460,0,233,0,0,0,0,,0,0,181.102,236,5.18,19,19.304,5.06,0,0,0,0,0,1791319515,0
27208,2026-10-06T20:45:15,52.0,90.5,25.5,0,0.0,0.0,0.76,0.0,0.76,7.13,687.0,92.4,101.2,90.5,3.7,59.0,92.4,243,226,4.56,11.0,3.0,0,10,236,0,1,-25200,0,76,261,0,76,1,1788482940,0,0,0,0,0,713,0,1788620460,0,233,0,0,0,0,,0,0,181.102,236,5.18,19,19.304,5.06,0,0,0,0,0,1791319515,0
27209,2026-10-06T20:45:15,52.0,90.5,25.5,0,0.0,0.0,0.76,0.0,0.76,7.13,687.0,92.4,101.2,90.5,3.7,59.0,92.4,243,226,4.56,11.0,3.0,0,10,236,0,1,-25200,0,76,261,0,76,1,1788482940,0,0,0,0,0,713,0,1788620460,0,233,0,0,0,0,,0,0,181.102,236,5.18,19,19.304,5.06,0,0,0,0,0,1791319515,0
27210,2026-10-06T20:45:15,52.0,90.5,25.5,0,0.0,0.0,0.76,0.0,0.76,7.13,687.0,92.4,101.2,90.5,3.7,59.0,92.4,243,226,4.56,11.0,3.0,0,10,236,0,1,-25200,0,76,261,0,76,1,1788482940,0,0,0,0,0,713,0,1788620460,0,233,0,0,0,0,,0,0,181.102,236,5.18,19,19.304,5.06,0,0,0,0,0,1791319515,0
27211,2026-10-06T20:45:15,52.0,90.5,25.5,0,0.0,0.0,0.76,0.0,0.76,7.13,687.0,92.4,101.2,90.5,3.7,59.0,92.4,243,226,4.56,11.0,3.0,0,10,236,0,1,-25200,0,76,261,0,76,1,1788482940,0,0,0,0,0,713,0,1788620460,0,233,0,0,0,0,,0,0,181.102,236,5.18,19,19.304,5.06,0,0,0,0,0,1791319515,0
27212,2026-10-06T20:45:15,52.0,90.5,25.5,0,0.0,0.0,0.76,0.0,0.76,7.13,687.0,92.4,101.2,90.5,3.7,59.0,92.4,243,226,4.56,11.0,3.0,0,10,236,0,1,-25200,0,76,261,0,76,1,1788482940,0,0,0,0,0,713,0,1788620460,0,233,0,0,0,0,,0,0,181.102,236,5.18,19,19.304,5.06,0,0,0,0,0,1791319515,0
27213,2026-10-06T20:45:15,52.0,90.5,25.5,0,0.0,0.0,0.76,0.0,0.76,7.13,687.0,92.4,101.2,90.5,3.7,59.0,92.4,243,226,4.56,11.0,3.0,0,10,236,0,1,-25200,0,76,261,0,76,1,1788482940,0,0,0,0,0,713,0,1788620460,0,233,0,0,0,0,,0,0,181.102,236,5.18,19,19.304,5.06,0,0,0,0,0,1791319515,0
27214,2026-10-06T20:45:15,52.0,90.5,25.5,0,0.0,0.0,0.76,0.0,0.76,7.13,687.0,92.4,101.2,90.5,3.7,59.0,92.4,243,226,4.56,11.0,3.0,0,10,236,0,1,-25200,0,76,261,0,76,1,1788482940,0,0,0,0,0,713,0,1788620460,0,233,0,0,0,0,,0,0,181.102,236,5.18,19,19.304,5.06,0,0,0,0,0,1791319515,0
27215,2026-10-06T20:45:15,52.0,90.5,25.5,0,0.0,0.0,0.76,0.0,0.76,7.13,687.0,92.4,101.2,90.5,3.7,59.0,92.4,243,226,4.56,11.0,3.0,0,10,236,0,1,-25200,0,76,261,0,76,1,1788482940,0,0,0,0,0,713,0,1788620460,0,233,0,0,0,0,,0,0,181.102,236,5.18,19,19.304,5.06,0,0,0,0,0,1791319515,0
27216,2026-10-06T20:45:15,52.0,90.5,25.5,0,0.0,0.0,0.76,0.0,0.76,7.13,687.0,92.4,101.2,90.5,3.7,59.0,92.4,243,226,4.56,11.0,3.0,0,10,236,0,1,-25200,0,76,261,0,76,1,1788482940,0,0,0,0,0,713,0,1788620460,0,233,0,0,0,0,,0,0,181.102,236,5.18,19,19.304,5.06,0,0,0,0,0,1791319515,0
27217,2026-10-06T20:45:15,52.0,90.5,25.5,0,0.0,0.0,0.76,0.0,0.76,7.13,687.0,92.4,101.2,90.5,3.7,59.0,92.4,243,226,4.56,11.0,3.0,0,10,236,0,1,-25200,0,76,261,0,76,1,1788482940,0,0,0,0,0,713,0,1788620460,0,233,0,0,0,0,,0,0,181.102,236,5.18,19,19.304,5.06,0,0,0,0,0,1791319515,0
27218,2026-10-06T20:45:15,52.0,90.5,25.5,0,0.0,0.0,0.76,0.0,0.76,7.13,687.0,92.4,101.2,90.5,3.7,59.0,92.4,243,226,4.56,11.0,3.0,0,10,236,0,1,-25200,0,76,261,0,76,1,1788482940,0,0,0,0,0,713,0,1788620460,0,233,0,0,0,0,,0,0,181.102,236,5.18,19,19.304,5.06,0,0,0,0,0,1791319515,0
27219,2026-10-06T20:45:15,52.0,90.5,25.5,0,0.0,0.0,0.76,0.0,0.76,7.13,687.0,92.4,101.2,90.5,3.7,59.0,92.4,243,226,4.56,11.0,3.0,0,10,236,0,1,-25200,0,76,261,0,76,1,1788482940,0,0,0,0,0,713,0,1788620460,0,233,0,0,0,0,,0,0,181.102,236,5.18,19,19.304,5.06,0,0,0,0,0,1791319515,0
27220,2026-10-06T20:45:15,52.0,90.5,25.5,0,0.0,0.0,0.76,0.0,0.76,7.13,687.0,92.4,101.2,90.5,3.7,59.0,92.4,243,226,4.56,11.0,3.0,0,10,236,0,1,-25200,0,76,261,0,76,1,1788482940,0,0,0,0,0,713,0,1788620460,0,233,0,0,0,0,,0,0,181.102,236,5.18,19,19.304,5.06,0,0,0,0,0,1791319515,0
27221,2026-10-06T20:45:15,52.0,90.5,25.5,0,0.0,0.0,0.76,0.0,0.76,7.13,687.0,92.4,101.2,90.5,3.7,59.0,92.4,243,226,4.56,11.0,3.0,0,10,236,0,1,-25200,0,76,261,0,76,1,1788482940,0,0,0,0,0,713,0,1788620460,0,233,0,0,0,0,,0,0,181.102,236,5.18,19,19.304,5.06,0,0,0,0,0,1791319515,0
27222,2026-10-06T20:45:15,52.0,90.5,25.5,0,0.0,0.0,0.76,0.0,0.76,7.13,687.0,92.4,101.2,90.5,3.7,59.0,92.4,243,226,4.56,11.0,3.0,0,10,236,0,1,-25200,0,76,261,0,76,1,1788482940,0,0,0,0,0,713,0,1788620460,0,233,0,0,0,0,,0,0,181.102,236,5.18,19,19.304,5.06,0,0,0,0,0,1791319515,0
27223,2026-10-06T20:45:15,52.0,90.5,25.5,0,0.0,0.0,0.76,0.0,0.76,7.13,687.0,92.4,101.2,90.5,3.7,59.0,92.4,243,226,4.56,11.0,3.0,0,10,236,0,1,-25200,0,76,261,0,76,1,1788482940,0,0,0,0,0,713,0,1788620460,0,233,0,0,0,0,,0,0,181.102,236,5.18,19,19.304,5.06,0,0,0,0,0,1791319515,0
27224,2026-10-06T20:45:15,52.0,90.5,25.5,0,0.0,0.0,0.76,0.0,0.76,7.13,687.0,92.4,101.2,90.5,3.7,59.0,92.4,243,226,4.56,11.0,3.0,0,10,236,0,1,-25200,0,76,261,0,76,1,1788482940,0,0,0,0,0,713,0,1788620460,0,233,0,0,0,0,,0,0,181.102,236,5.18,19,19.304,5.06,0,0,0,0,0,1791319515,0
27225,2026-10-06T20:45:15,52.0,90.5,25.5,0,0.0,0.0,0.76,0.0,0.76,7.13,687.0,92.4,101.2,90.5,3.7,59.0,92.4,243,226,4.56,11.0,3.0,0,10,236,0,1,-25200,0,76,261,0,76,1,1788482940,0,0,0,0,0,713,0,1788620460,0,233,0,0,0,0,,0,0,181.102,236,5.18,19,19.304,5.06,0,0,0,0,0,1791319515,0
27226,2026-10-06T20:45:15,52.0,90.5,25.5,0,0.0,0.0,0.76,0.0,0.76,7.13,687.0,92.4,101.2,90.5,3.7,59.0,92.4,243,226,4.56,11.0,3.0,0,10,236,0,1,-25200,0,76,261,0,76,1,1788482940,0,0,0,0,0,713,0,1788620460,0,233,0,0,0,0,,0,0,181.102,236,5.18,19,19.304,5.06,0,0,0,0,0,1791319515,0
27227,2026-10-06T20:45:15,52.0,90.5,25.5,0,0.0,0.0,0.76,0.0,0.76,7.13,687.0,92.4,101.2,90.5,3.7,59.0,92.4,243,226,4.56,11.0,3.0,0,10,236,0,1,-25200,0,76,261,0,76,1,1788482940,0,0,0,0,0,713,0,1788620460,0,233,0,0,0,0,,0,0,181.102,236,5.18,19,19.304,5.06,0,0,0,0,0,1791319515,0
27228,2026-10-06T20:45:15,52.0,90.5,25.5,0,0.0,0.0,0.76,0.0,0.76,7.13,687.0,92.4,101.2,90.5,3.7,59.0,92.4,243,226,4.56,11.0,3.0,0,10,236,0,1,-25200,0,76,261,0,76,1,1788482940,0,0,0,0,0,713,0,1788620460,0,233,0,0,0,0,,0,0,181.102,236,5.18,19,19.304,5.06,0,0,0,0,0,1791319515,0
27229,2026-10-06T20:45:15,52.0,90.5,25.5,0,0.0,0.0,0.76,0.0,0.76,7.13,687.0,92.4,101.2,90.5,3.7,59.0,92.4,243,226,4.56,11.0,3.0,0,10,236,0,1,-25200,0,76,261,0,76,1,1788482940,0,0,0,0,0,713,0,1788620460,0,233,0,0,0,0,,0,0,181.102,236,5.18,19,19.304,5.06,0,0,0,0,0,1791319515,0
27230,2026-10-06T20:45:15,52.0,90.5,25.5,0,0.0,0.0,0.76,0.0,0.76,7.13,687.0,92.4,101.2,90.5,3.7,59.0,92.4,243,226,4.56,11.0,3.0,0,10,236,0,1,-25200,0,76,261,0,76,1,1788482940,0,0,0,0,0,713,0,1788620460,0,233,0,0,0,0,,0,0,181.102,236,5.18,19,19.304,5.06,0,0,0,0,0,1791319515,0
27231,2026-10-06T20:45:15,52.0,90.5,25.5,0,0.0,0.0,0.76,0.0,0.76,7.13,687.0,92.4,101.2,90.5,3.7,59.0,92.4,243,226,4.56,11.0,3.0,0,10,236,0,1,-25200,0,76,261,0,76,1,1788482940,0,0,0,0,0,713,0,1788620460,0,233,0,0,0,0,,0,0,181.102,236,5.18,19,19.304,5.06,0,0,0,0,0,1791319515,0
27232,2026-10-06T20:45:15,52.0,90.5,25.5,0,0.0,0.0,0.76,0.0,0.76,7.13,687.0,92.4,101.2,90.5,3.7,59.0,92.4,243,226,4.56,11.0,3.0,0,10,236,0,1,-25200,0,76,261,0,76,1,1788482940,0,0,0,0,0,713,0,1788620460,0,233,0,0,0,0,,0,0,181.102,236,5.18,19,19.304,5.06,0,0,0,0,0,1791319515,0
27233,2026-10-06T20:45:15,52.0,90.5,25.5,0,0.0,0.0,0.76,0.0,0.76,7.13,687.0,92.4,101.2,90.5,3.7,59.0,92.4,243,226,4.56,11.0,3.0,0,10,236,0,1,-25200,0,76,261,0,76,1,1788482940,0,0,0,0,0,713,0,1788620460,0,233,0,0,0,0,,0,0,181.102,236,5.18,19,19.304,5.06,0,0,0,0,0,1791319515,0
27234,2026-10-06T20:45:15,52.0,90.5,25.5,0,0.0,0.0,0.76,0.0,0.76,7.13,687.0,92.4,101.2,90.5,3.7,59.0,92.4,243,226,4.56,11.0,3.0,0,10,236,0,1,-25200,0,76,261,0,76,1,1788482940,0,0,0,0,0,713,0,1788620460,0,233,0,0,0,0,,0,0,181.102,236,5.18,19,19.304,5.06,0,0,0,0,0,1791319515,0
27235,2026-10-06T20:45:15,52.0,90.5,25.5,0,0.0,0.0,0.76,0.0,0.76,7.13,687.0,92.4,101.2,90.5,3.7,59.0,92.4,243,226,4.56,11.0,3.0,0,10,236,0,1,-25200,0,76,261,0,76,1,1788482940,0,0,0,0,0,713,0,1788620460,0,233,0,0,0,0,,0,0,181.102,236,5.18,19,19.304,5.06,0,0,0,0,0,1791319515,0
27236,2026-10-06T20:45:15,52.0,90.5,25.5,0,0.0,0.0,0.76,0.0,0.76,7.13,687.0,92.4,101.2,90.5,3.7,59.0,92.4,243,226,4.56,11.0,3.0,0,10,236,0,1,-25200,0,76,261,0,76,1,1788482940,0,0,0,0,0,713,0,1788620460,0,233,0,0,0,0,,0,0,181.102,236,5.18,19,19.304,5.06,0,0,0,0,0,1791319515,0
27237,2026-10-06T20:45:15,52.0,90.5,25.5,0,0.0,0.0,0.76,0.0,0.76,7.13,687.0,92.4,101.2,90.5,3.7,59.0,92.4,243,226,4.56,11.0,3.0,0,10,236,0,1,-25200,0,76,261,0,76,1,1788482940,0,0,0,0,0,713,0,1788620460,0,233,0,0,0,0,,0,0,181.102,236,5.18,19,19.304,5.06,0,0,0,0,0,1791319515,0
27238,2026-10-06T20:45:15,52.0,90.5,25.5,0,0.0,0.0,0.76,0.0,0.76,7.13,687.0,92.4,101.2,90.5,3.7,59.0,92.4,243,226,4.56,11.0,3.0,0,10,236,0,1,-25200,0,76,261,0,76,1,1788482940,0,0,0,0,0,713,0,1788620460,0,233,0,0,0,0,,0,0,181.102,236,5.18,19,19.304,5.06,0,0,0,0,0,1791319515,0
27239,2026-10-06T20:45:15,52.0,90.5,25.5,0,0.0,0.0,0.76,0.0,0.76,7.13,687.0,92.4,101.2,90.5,3.7,59.0,92.4,243,226,4.56,11.0,3.0,0,10,236,0,1,-25200,0,76,261,0,76,1,1788482940,0,0,0,0,0,713,0,1788620460,0,233,0,0,0,0,,0,0,181.102,236,5.18,19,19.304,5.06,0,0,0,0,0,1791319515,0
27240,2026-10-06T20:45:15,52.0,90.5,25.5,0,0.0,0.0,0.76,0.0,0.76,7.13,687.0,92.4,101.2,90.5,3.7,59.0,92.4,243,226,4.56,11.0,3.0,0,10,236,0,1,-25200,0,76,261,0,76,1,1788482940,0,0,0,0,0,713,0,1788620460,0,233,0,0,0,0,,0,0,181.102,236,5.18,19,19.304,5.06,0,0,0,0,0,1791319515,0
27241,2026-10-06T20:45:15,52.0,90.5,25.5,0,0.0,0.0,0.76,0.0,0.76,7.13,687.0,92.4,101.2,90.5,3.7,59.0,92.4,243,226,4.56,11.0,3.0,0,10,236,0,1,-25200,0,76,261,0,76,1,1788482940,0,0,0,0,0,713,0,1788620460,0,233,0,0,0,0,,0,0,181.102,236,5.18,19,19.304,5.06,0,0,0,0,0,1791319515,0
27242,2026-10-06T20:45:15,52.0,90.5,25.5,0,0.0,0.0,0.76,0.0,0.76,7.13,687.0,92.4,101.2,90.5,3.7,59.0,92.4,243,226,4.56,11.0,3.0,0,10,236,0,1,-25200,0,76,261,0,76,1,1788482940,0,0,0,0,0,713,0,1788620460,0,233,0,0,0,0,,0,0,181.102,236,5.18,19,19.304,5.06,0,0,0,0,0,1791319515,0
27243,2026-10-06T20:45:15,52.0,90.5,25.5,0,0.0,0.0,0.76,0.0,0.76,7.13,687.0,92.4,101.2,90.5,3.7,59.0,92.4,243,226,4.56,11.0,3.0,0,10,236,0,1,-25200,0,76,261,0,76,1,1788482940,0,0,0,0,0,713,0,1788620460,0,233,0,0,0,0,,0,0,181.102,236,5.18,19,19.304,5.06,0,0,0,0,0,1791319515,0
27244,2026-10-06T20:45:15,52.0,90.5,25.5,0,0.0,0.0,0.76,0.0,0.76,7.13,687.0,92.4,101.2,90.5,3.7,59.0,92.4,243,226,4.56,11.0,3.0,0,10,236,0,1,-25200,0,76,261,0,76,1,1788482940,0,0,0,0,0,713,0,1788620460,0,233,0,0,0,0,,0,0,181.102,236,5.18,19,19.304,5.06,0,0,0,0,0,1791319515,0
27245,2026-10-06T20:45:15,52.0,90.5,25.5,0,0.0,0.0,0.76,0.0,0.76,7.13,687.0,92.4,101.2,90.5,3.7,59.0,92.4,243,226,4.56,11.0,3.0,0,10,236,0,1,-25200,0,76,261,0,76,1,1788482940,0,0,0,0,0,713,0,1788620460,0,233,0,0,0,0,,0,0,181.102,236,5.18,19,19.304,5.06,0,0,0,0,0,1791319515,0
27246,2026-10-06T20:45:15,52.0,90.5,25.5,0,0.0,0.0,0.76,0.0,0.76,7.13,687.0,92.4,101.2,90.5,3.7,59.0,92.4,243,226,4.56,11.0,3.0,0,10,236,0,1,-25200,0,76,261,0,76,1,1788482940,0,0,0,0,0,713,0,1788620460,0,233,0,0,0,0,,0,0,181.102,236,5.18,19,19.304,5.06,0,0,0,0,0,1791319515,0
27247,2026-10-06T20:45:15,52.0,90.5,25.5,0,0.0,0.0,0.76,0.0,0.76,7.13,687.0,92.4,101.2,90.5,3.7,59.0,92.4,243,226,4.56,11.0,3.0,0,10,236,0,1,-25200,0,76,261,0,76,1,1788482940,0,0,0,0,0,713,0,1788620460,0,233,0,0,0,0,,0,0,181.102,236,5.18,19,19.304,5.06,0,0,0,0,0,1791319515,0
27248,2026-10-06T20:45:15,52.0,90.5,25.5,0,0.0,0.0,0.76,0.0,0.76,7.13,687.0,92.4,101.2,90.5,3.7,59.0,92.4,243,226,4.56,11.0,3.0,0,10,236,0,1,-25200,0,76,261,0,76,1,1788482940,0,0,0,0,0,713,0,1788620460,0,233,0,0,0,0,,0,0,181.102,236,5.18,19,19.304,5.06,0,0,0,0,0,1791319515,0
27249,2026-10-06T20:45:15,52.0,90.5,25.5,0,0.0,0.0,0.76,0.0,0.76,7.13,687.0,92.4,101.2,90.5,3.7,59.0,92.4,243,226,4.56,11.0,3.0,0,10,236,0,1,-25200,0,76,261,0,76,1,1788482940,0,0,0,0,0,713,0,1788620460,0,233,0,0,0,0,,0,0,181.102,236,5.18,19,19.304,5.06,0,0,0,0,0,1791319515,0
27250,2026-10-06T20:45:15,52.0,90.5,25.5,0,0.0,0.0,0.76,0.0,0.76,7.13,687.0,92.4,101.2,90.5,3.7,59.0,92.4,243,226,4.56,11.0,3.0,0,10,236,0,1,-25200,0,76,261,0,76,1,1788482940,0,0,0,0,0,713,0,1788620460,0,233,0,0,0,0,,0,0,181.102,236,5.18,19,19.304,5.06,0,0,0,0,0,1791319515,0
27251,2026-10-06T20:45:15,52.0,90.5,25.5,0,0.0,0.0,0.76,0.0,0.76,7.13,687.0,92.4,101.2,90.5,3.7,59.0,92.4,243,226,4.56,11.0,3.0,0,10,236,0,1,-25200,0,76,261,0,76,1,1788482940,0,0,0,0,0,713,0,1788620460,0,233,0,0,0,0,,0,0,181.102,236,5.18,19,19.304,5.06,0,0,0,0,0,1791319515,0
27252,2026-10-06T20:45:15,52.0,90.5,25.5,0,0.0,0.0,0.76,0.0,0.76,7.13,687.0,92.4,101.2,90.5,3.7,59.0,92.4,243,226,4.56,11.0,3.0,0,10,236,0,1,-25200,0,76,261,0,76,1,1788482940,0,0,0,0,0,713,0,1788620460,0,233,0,0,0,0,,0,0,181.102,236,5.18,19,19.304,5.06,0,0,0,0,0,1791319515,0
27253,2026-10-06T20:45:15,52.0,90.5,25.5,0,0.0,0.0,0.76,0.0,0.76,7.13,687.0,92.4,101.2,90.5,3.7,59.0,92.4,243,226,4.56,11.0,3.0,0,10,236,0,1,-25200,0,76,261,0,76,1,1788482940,0,0,0,0,0,713,0,1788620460,0,233,0,0,0,0,,0,0,181.102,236,5.18,19,19.304,5.06,0,0,0,0,0,1791319515,0
27254,2026-10-06T20:45:15,52.0,90.5,25.5,0,0.0,0.0,0.76,0.0,0.76,7.13,687.0,92.4,101.2,90.5,3.7,59.0,92.4,243,226,4.56,11.0,3.0,0,10,236,0,1,-25200,0,76,261,0,76,1,1788482940,0,0,0,0,0,713,0,1788620460,0,233,0,0,0,0,,0,0,181.102,236,5.18,19,19.304,5.06,0,0,0,0,0,1791319515,0
27255,2026-10-06T20:45:15,52.0,90.5,25.5,0,0.0,0.0,0.76,0.0,0.76,7.13,687.0,92.4,101.2,90.5,3.7,59.0,92.4,243,226,4.56,11.0,3.0,0,10,236,0,1,-25200,0,76,261,0,76,1,1788482940,0,0,0,0,0,713,0,1788620460,0,233,0,0,0,0,,0,0,181.102,236,5.18,19,19.304,5.06,0,0,0,0,0,1791319515,0
27256,2026-10-06T20:45:15,52.0,90.5,25.5,0,0.0,0.0,0.76,0.0,0.76,7.13,687.0,92.4,101.2,90.5,3.7,59.0,92.4,243,226,4.56,11.0,3.0,0,10,236,0,1,-25200,0,76,261,0,76,1,1788482940,0,0,0,0,0,713,0,1788620460,0,233,0,0,0,0,,0,0,181.102,236,5.18,19,19.304,5.06,0,0,0,0,0,1791319515,0
27257,2026-10-06T20:45:15,52.0,90.5,25.5,0,0.0,0.0,0.76,0.0,0.76,7.13,687.0,92.4,101.2,90.5,3.7,59.0,92.4,243,226,4.56,11.0,3.0,0,10,236,0,1,-25200,0,76,261,0,76,1,1788482940,0,0,0,0,0,713,0,1788620460,0,233,0,0,0,0,,0,0,181.102,236,5.18,19,19.304,5.06,0,0,0,0,0,1791319515,0
27258,2026-10-06T20:45:15,52.0,90.5,25.5,0,0.0,0.0,0.76,0.0,0.76,7.13,687.0,92.4,101.2,90.5,3.7,59.0,92.4,243,226,4.56,11.0,3.0,0,10,236,0,1,-25200,0,76,261,0,76,1,1788482940,0,0,0,0,0,713,0,1788620460,0,233,0,0,0,0,,0,0,181.102,236,5.18,19,19.304,5.06,0,0,0,0,0,1791319515,0
27259,2026-10-06T20:45:15,52.0,90.5,25.5,0,0.0,0.0,0.76,0.0,0.76,7.13,687.0,92.4,101.2,90.5,3.7,59.0,92.4,243,226,4.56,11.0,3.0,0,10,236,0,1,-25200,0,76,261,0,76,1,1788482940,0,0,0,0,0,713,0,1788620460,0,233,0,0,0,0,,0,0,181.102,236,5.18,19,19.304,5.06,0,0,0,0,0,1791319515,0
27260,2026-10-06T20:45:15,52.0,90.5,25.5,0,0.0,0.0,0.76,0.0,0.76,7.13,687.0,92.4,101.2,90.5,3.7,59.0,92.4,243,226,4.56,11.0,3.0,0,10,236,0,1,-25200,0,76,261,0,76,1,1788482940,0,0,0,0,0,713,0,1788620460,0,233,0,0,0,0,,0,0,181.102,236,5.18,19,19.304,5.06,0,0,0,0,0,1791319515,0
27261,2026-10-06T20:45:15,52.0,90.5,25.5,0,0.0,0.0,0.76,0.0,0.76,7.13,687.0,92.4,101.2,90.5,3.7,59.0,92.4,243,226,4.56,11.0,3.0,0,10,236,0,1,-25200,0,76,261,0,76,1,1788482940,0,0,0,0,0,713,0,1788620460,0,233,0,0,0,0,,0,0,181.102,236,5.18,19,19.304,5.06,0,0,0,0,0,1791319515,0
27262,2026-10-06T20:45:15,52.0,90.5,25.5,0,0.0,0.0,0.76,0.0,0.76,7.13,687.0,92.4,101.2,90.5,3.7,59.0,92.4,243,226,4.56,11.0,3.0,0,10,236,0,1,-25200,0,76,261,0,76,1,1788482940,0,0,0,0,0,713,0,1788620460,0,233,0,0,0,0,,0,0,181.102,236,5.18,19,19.304,5.06,0,0,0,0,0,1791319515,0
27263,2026-10-06T20:45:15,52.0,90.5,25.5,0,0.0,0.0,0.76,0.0,0.76,7.13,687.0,92.4,101.2,90.5,3.7,59.0,92.4,243,226,4.56,11.0,3.0,0,10,236,0,1,-25200,0,76,261,0,76,1,1788482940,0,0,0,0,0,713,0,1788620460,0,233,0,0,0,0,,0,0,181.102,236,5.18,19,19.304,5.06,0,0,0,0,0,1791319515,0
27264,2026-10-06T20:45:15,52.0,90.5,25.5,0,0.0,0.0,0.76,0.0,0.76,7.13,687.0,92.4,101.2,90.5,3.7,59.0,92.4,243,226,4.56,11.0,3.0,0,10,236,0,1,-25200,0,76,261,0,76,1,1788482940,0,0,0,0,0,713,0,1788620460,0,233,0,0,0,0,,0,0,181.102,236,5.18,19,19.304,5.06,0,0,0,0,0,1791319515,0
27265,2026-10-06T20:45:15,52.0,90.5,25.5,0,0.0,0.0,0.76,0.0,0.76,7.13,687.0,92.4,101.2,90.5,3.7,59.0,92.4,243,226,4.56,11.0,3.0,0,10,236,0,1,-25200,0,76,261,0,76,1,1788482940,0,0,0,0,0,713,0,1788620460,0,233,0,0,0,0,,0,0,181.102,236,5.18,19,19.304,5.06,0,0,0,0,0,1791319515,0
27266,2026-10-06T20:45:15,52.0,90.5,25.5,0,0.0,0.0,0.76,0.0,0.76,7.13,687.0,92.4,101.2,90.5,3.7,59.0,92.4,243,226,4.56,11.0,3.0,0,10,236,0,1,-25200,0,76,261,0,76,1,1788482940,0,0,0,0,0,713,0,1788620460,0,233,0,0,0,0,,0,0,181.102,236,5.18,19,19.304,5.06,0,0,0,0,0,1791319515,0
27267,2026-10-06T20:45:15,52.0,90.5,25.5,0,0.0,0.0,0.76,0.0,0.76,7.13,687.0,92.4,101.2,90.5,3.7,59.0,92.4,243,226,4.56,11.0,3.0,0,10,236,0,1,-25200,0,76,261,0,76,1,1788482940,0,0,0,0,0,713,0,1788620460,0,233,0,0,0,0,,0,0,181.102,236,5.18,19,19.304,5.06,0,0,0,0,0,1791319515,0
27268,2026-10-06T20:45:15,52.0,90.5,25.5,0,0.0,0.0,0.76,0.0,0.76,7.13,687.0,92.4,101.2,90.5,3.7,59.0,92.4,243,226,4.56,11.0,3.0,0,10,236,0,1,-25200,0,76,261,0,76,1,1788482940,0,0,0,0,0,713,0,1788620460,0,233,0,0,0,0,,0,0,181.102,236,5.18,19,19.304,5.06,0,0,0,0,0,1791319515,0
27269,2026-10-06T20:45:15,52.0,90.5,25.5,0,0.0,0.0,0.76,0.0,0.76,7.13,687.0,92.4,101.2,90.5,3.7,59.0,92.4,243,226,4.56,11.0,3.0,0,10,236,0,1,-25200,0,76,261,0,76,1,1788482940,0,0,0,0,0,713,0,1788620460,0,233,0,0,0,0,,0,0,181.102,236,5.18,19,19.304,5.06,0,0,0,0,0,1791319515,0
27270,2026-10-06T20:45:15,52.0,90.5,25.5,0,0.0,0.0,0.76,0.0,0.76,7.13,687.0,92.4,101.2,90.5,3.7,59.0,92.4,243,226,4.56,11.0,3.0,0,10,236,0,1,-25200,0,76,261,0,76,1,1788482940,0,0,0,0,0,713,0,1788620460,0,233,0,0,0,0,,0,0,181.102,236,5.18,19,19.304,5.06,0,0,0,0,0,1791319515,0
27271,2026-10-06T20:45:15,52.0,90.5,25.5,0,0.0,0.0,0.76,0.0,0.76,7.13,687.0,92.4,101.2,90.5,3.7,59.0,92.4,243,226,4.56,11.0,3.0,0,10,236,0,1,-25200,0,76,261,0,76,1,1788482940,0,0,0,0,0,713,0,1788620460,0,233,0,0,0,0,,0,0,181.102,236,5.18,19,19.304,5.06,0,0,0,0,0,1791319515,0
27073,2026-10-06T20:45:15,52.0,90.5,25.5,0,0.0,0.0,0.76,0.0,0.76,7.13,687.0,92.4,101.2,90.5,3.7,59.0,92.4,243,226,4.56,11.0,3.0,0,10,236,0,1,-25200,0,76,261,0,76,1,1788482940,0,0,0,0,0,713,0,1788620460,0,233,0,0,0,0,,0,0,181.102,236,5.18,19,19.304,5.06,0,0,0,0,0,1791319515,0
27074,2026-10-06T20:45:15,52.0,90.5,25.5,0,0.0,0.0,0.76,0.0,0.76,7.13,687.0,92.4,101.2,90.5,3.7,59.0,92.4,243,226,4.56,11.0,3.0,0,10,236,0,1,-25200,0,76,261,0,76,1,1788482940,0,0,0,0,0,713,0,1788620460,0,233,0,0,0,0,,0,0,181.102,236,5.18,19,19.304,5.06,0,0,0,0,0,1791319515,0
27075,2026-10-06T20:45:15,52.0,90.5,25.5,0,0.0,0.0,0.76,0.0,0.76,7.13,687.0,92.4,101.2,90.5,3.7,59.0,92.4,243,226,4.56,11.0,3.0,0,10,236,0,1,-25200,0,76,261,0,76,1,1788482940,0,0,0,0,0,713,0,1788620460,0,233,0,0,0,0,,0,0,181.102,236,5.18,19,19.304,5.06,0,0,0,0,0,1791319515,0
27076,2026-10-06T20:45:15,52.0,90.5,25.5,0,0.0,0.0,0.76,0.0,0.76,7.13,687.0,92.4,101.2,90.5,3.7,59.0,92.4,243,226,4.56,11.0,3.0,0,10,236,0,1,-25200,0,76,261,0,76,1,1788482940,0,0,0,0,0,713,0,1788620460,0,233,0,0,0,0,,0,0,181.102,236,5.18,19,19.304,5.06,0,0,0,0,0,1791319515,0
27077,2026-10-06T20:45:15,52.0,90.5,25.5,0,0.0,0.0,0.76,0.0,0.76,7.13,687.0,92.4,101.2,90.5,3.7,59.0,92.4,243,226,4.56,11.0,3.0,0,10,236,0,1,-25200,0,76,261,0,76,1,1788482940,0,0,0,0,0,713,0,1788620460,0,233,0,0,0,0,,0,0,181.102,236,5.18,19,19.304,5.06,0,0,0,0,0,1791319515,0
27078,2026-10-06T20:45:15,52.0,90.5,25.5,0,0.0,0.0,0.76,0.0,0.76,7.13,687.0,92.4,101.2,90.5,3.7,59.0,92.4,243,226,4.56,11.0,3.0,0,10,236,0,1,-25200,0,76,261,0,76,1,1788482940,0,0,0,0,0,713,0,1788620460,0,233,0,0,0,0,,0,0,181.102,236,5.18,19,19.304,5.06,0,0,0,0,0,1791319515,0
27079,2026-10-06T20:45:15,52.0,90.5,25.5,0,0.0,0.0,0.76,0.0,0.76,7.13,687.0,92.4,101.2,90.5,3.7,59.0,92.4,243,226,4.56,11.0,3.0,0,10,236,0,1,-25200,0,76,261,0,76,1,1788482940,0,0,0,0,0,713,0,1788620460,0,233,0,0,0,0,,0,0,181.102,236,5.18,19,19.304,5.06,0,0,0,0,0,1791319515,0
27080,2026-10-06T20:45:15,52.0,90.5,25.5,0,0.0,0.0,0.76,0.0,0.76,7.13,687.0,92.4,101.2,90.5,3.7,59.0,92.4,243,226,4.56,11.0,3.0,0,10,236,0,1,-25200,0,76,261,0,76,1,1788482940,0,0,0,0,0,713,0,1788620460,0,233,0,0,0,0,,0,0,181.102,236,5.18,19,19.304,5.06,0,0,0,0,0,1791319515,0
27081,2026-10-06T20:45:15,52.0,90.5,25.5,0,0.0,0.0,0.76,0.0,0.76,7.13,687.0,92.4,101.2,90.5,3.7,59.0,92.4,243,226,4.56,11.0,3.0,0,10,236,0,1,-25200,0,76,261,0,76,1,1788482940,0,0,0,0,0,713,0,1788620460,0,233,0,0,0,0,,0,0,181.102,236,5.18,19,19.304,5.06,0,0,0,0,0,1791319515,0
27082,2026-10-06T20:45:15,52.0,90.5,25.5,0,0.0,0.0,0.76,0.0,0.76,7.13,687.0,92.4,101.2,90.5,3.7,59.0,92.4,243,226,4.56,11.0,3.0,0,10,236,0,1,-25200,0,76,261,0,76,1,1788482940,0,0,0,0,0,713,0,1788620460,0,233,0,0,0,0,,0,0,181.102,236,5.18,19,19.304,5.06,0,0,0,0,0,1791319515,0
27083,2026-10-06T20:45:15,52.0,90.5,25.5,0,0.0,0.0,0.76,0.0,0.76,7.13,687.0,92.4,101.2,90.5,3.7,59.0,92.4,243,226,4.56,11.0,3.0,0,10,236,0,1,-25200,0,76,261,0,76,1,1788482940,0,0,0,0,0,713,0,1788620460,0,233,0,0,0,0,,0,0,181.102,236,5.18,19,19.304,5.06,0,0,0,0,0,1791319515,0
27084,2026-10-06T20:45:15,52.0,90.5,25.5,0,0.0,0.0,0.76,0.0,0.76,7.13,687.0,92.4,101.2,90.5,3.7,59.0,92.4,243,226,4.56,11.0,3.0,0,10,236,0,1,-25200,0,76,261,0,76,1,1788482940,0,0,0,0,0,713,0,1788620460,0,233,0,0,0,0,,0,0,181.102,236,5.18,19,19.304,5.06,0,0,0,0,0,1791319515,0
27085,2026-10-06T20:45:15,52.0,90.5,25.5,0,0.0,0.0,0.76,0.0,0.76,7.13,687.0,92.4,101.2,90.5,3.7,59.0,92.4,243,226,4.56,11.0,3.0,0,10,236,0,1,-25200,0,76,261,0,76,1,1788482940,0,0,0,0,0,713,0,1788620460,0,233,0,0,0,0,,0,0,181.102,236,5.18,19,19.304,5.06,0,0,0,0,0,1791319515,0
27086,2026-10-06T20:45:15,52.0,90.5,25.5,0,0.0,0.0,0.76,0.0,0.76,7.13,687.0,92.4,101.2,90.5,3.7,59.0,92.4,243,226,4.56,11.0,3.0,0,10,236,0,1,-25200,0,76,261,0,76,1,1788482940,0,0,0,0,0,713,0,1788620460,0,233,0,0,0,0,,0,0,181.102,236,5.18,19,19.304,5.06,0,0,0,0,0,1791319515,0
27087,2026-10-06T20:45:15,52.0,90.5,25.5,0,0.0,0.0,0.76,0.0,0.76,7.13,687.0,92.4,101.2,90.5,3.7,59.0,92.4,243,226,4.56,11.0,3.0,0,10,236,0,1,-25200,0,76,261,0,76,1,1788482940,0,0,0,0,0,713,0,1788620460,0,233,0,0,0,0,,0,0,181.102,236,5.18,19,19.304,5.06,0,0,0,0,0,1791319515,0
27088,2026-10-06T20:45:15,52.0,90.5,25.5,0,0.0,0.0,0.76,0.0,0.76,7.13,687.0,92.4,101.2,90.5,3.7,59.0,92.4,243,226,4.56,11.0,3.0,0,10,236,0,1,-25200,0,76,261,0,76,1,1788482940,0,0,0,0,0,713,0,1788620460,0,233,0,0,0,0,,0,0,181.102,236,5.18,19,19.304,5.06,0,0,0,0,0,1791319515,0
27089,2026-10-06T20:45:15,52.0,90.5,25.5,0,0.0,0.0,0.76,0.0,0.76,7.13,687.0,92.4,101.2,90.5,3.7,59.0,92.4,243,226,4.56,11.0,3.0,0,10,236,0,1,-25200,0,76,261,0,76,1,1788482940,0,0,0,0,0,713,0,1788620460,0,233,0,0,0,0,,0,0,181.102,236,5.18,19,19.304,5.06,0,0,0,0,0,1791319515,0
27090,2026-10-06T20:45:15,52.0,90.5,25.5,0,0.0,0.0,0.76,0.0,0.76,7.13,687.0,92.4,101.2,90.5,3.7,59.0,92.4,243,226,4.56,11.0,3.0,0,10,236,0,1,-25200,0,76,261,0,76,1,1788482940,0,0,0,0,0,713,0,1788620460,0,233,0,0,0,0,,0,0,181.102,236,5.18,19,19.304,5.06,0,0,0,0,0,1791319515,0
27091,2026-10-06T20:45:15,52.0,90.5,25.5,0,0.0,0.0,0.76,0.0,0.76,7.13,687.0,92.4,101.2,90.5,3.7,59.0,92.4,243,226,4.56,11.0,3.0,0,10,236,0,1,-25200,0,76,261,0,76,1,1788482940,0,0,0,0,0,713,0,1788620460,0,233,0,0,0,0,,0,0,181.102,236,5.18,19,19.304,5.06,0,0,0,0,0,1791319515,0
27092,2026-10-06T20:45:15,52.0,90.5,25.5,0,0.0,0.0,0.76,0.0,0.76,7.13,687.0,92.4,101.2,90.5,3.7,59.0,92.4,243,226,4.56,11.0,3.0,0,10,236,0,1,-25200,0,76,261,0,76,1,1788482940,0,0,0,0,0,713,0,1788620460,0,233,0,0,0,0,,0,0,181.102,236,5.18,19,19.304,5.06,0,0,0,0,0,1791319515,0
27093,2026-10-06T20:45:15,52.0,90.5,25.5,0,0.0,0.0,0.76,0.0,0.76,7.13,687.0,92.4,101.2,90.5,3.7,59.0,92.4,243,226,4.56,11.0,3.0,0,10,236,0,1,-25200,0,76,261,0,76,1,1788482940,0,0,0,0,0,713,0,1788620460,0,233,0,0,0,0,,0,0,181.102,236,5.18,19,19.304,5.06,0,0,0,0,0,1791319515,0
27094,2026-10-06T20:45:15,52.0,90.5,25.5,0,0.0,0.0,0.76,0.0,0.76,7.13,687.0,92.4,101.2,90.5,3.7,59.0,92.4,243,226,4.56,11.0,3.0,0,10,236,0,1,-25200,0,76,261,0,76,1,1788482940,0,0,0,0,0,713,0,1788620460,0,233,0,0,0,0,,0,0,181.102,236,5.18,19,19.304,5.06,0,0,0,0,0,1791319515,0
27095,2026-10-06T20:45:15,52.0,90.5,25.5,0,0.0,0.0,0.76,0.0,0.76,7.13,687.0,92.4,101.2,90.5,3.7,59.0,92.4,243,226,4.56,11.0,3.0,0,10,236,0,1,-25200,0,76,261,0,76,1,1788482940,0,0,0,0,0,713,0,1788620460,0,233,0,0,0,0,,0,0,181.102,236,5.18,19,19.304,5.06,0,0,0,0,0,1791319515,0
27096,2026-10-06T20:45:15,52.0,90.5,25.5,0,0.0,0.0,0.76,0.0,0.76,7.13,687.0,92.4,101.2,90.5,3.7,59.0,92.4,243,226,4.56,11.0,3.0,0,10,236,0,1,-25200,0,76,261,0,76,1,1788482940,0,0,0,0,0,713,0,1788620460,0,233,0,0,0,0,,0,0,181.102,236,5.18,19,19.304,5.06,0,0,0,0,0,1791319515,0
27097,2026-10-06T20:45:15,52.0,90.5,25.5,0,0.0,0.0,0.76,0.0,0.76,7.13,687.0,92.4,101.2,90.5,3.7,59.0,92.4,243,226,4.56,11.0,3.0,0,10,236,0,1,-25200,0,76,261,0,76,1,1788482940,0,0,0,0,0,713,0,1788620460,0,233,0,0,0,0,,0,0,181.102,236,5.18,19,19.304,5.06,0,0,0,0,0,1791319515,0
27098,2026-10-06T20:45:15,52.0,90.5,25.5,0,0.0,0.0,0.76,0.0,0.76,7.13,687.0,92.4,101.2,90.5,3.7,59.0,92.4,243,226,4.56,11.0,3.0,0,10,236,0,1,-25200,0,76,261,0,76,1,1788482940,0,0,0,0,0,713,0,1788620460,0,233,0,0,0,0,,0,0,181.102,236,5.18,19,19.304,5.06,0,0,0,0,0,1791319515,0
27099,2026-10-06T20:45:15,52.0,90.5,25.5,0,0.0,0.0,0.76,0.0,0.76,7.13,687.0,92.4,101.2,90.5,3.7,59.0,92.4,243,226,4.56,11.0,3.0,0,10,236,0,1,-25200,0,76,261,0,76,1,1788482940,0,0,0,0,0,713,0,1788620460,0,233,0,0,0,0,,0,0,181.102,236,5.18,19,19.304,5.06,0,0,0,0,0,1791319515,0
27100,2026-10-06T20:45:15,52.0,90.5,25.5,0,0.0,0.0,0.76,0.0,0.76,7.13,687.0,92.4,101.2,90.5,3.7,59.0,92.4,243,226,4.56,11.0,3.0,0,10,236,0,1,-25200,0,76,261,0,76,1,1788482940,0,0,0,0,0,713,0,1788620460,0,233,0,0,0,0,,0,0,181.102,236,5.18,19,19.304,5.06,0,0,0,0,0,1791319515,0
27101,2026-10-06T20:45:15,52.0,90.5,25.5,0,0.0,0.0,0.76,0.0,0.76,7.13,687.0,92.4,101.2,90.5,3.7,59.0,92.4,243,226,4.56,11.0,3.0,0,10,236,0,1,-25200,0,76,261,0,76,1,1788482940,0,0,0,0,0,713,0,1788620460,0,233,0,0,0,0,,0,0,181.102,236,5.18,19,19.304,5.06,0,0,0,0,0,1791319515,0
27102,2026-10-06T20:45:15,52.0,90.5,25.5,0,0.0,0.0,0.76,0.0,0.76,7.13,687.0,92.4,101.2,90.5,3.7,59.0,92.4,243,226,4.56,11.0,3.0,0,10,236,0,1,-25200,0,76,261,0,76,1,1788482940,0,0,0,0,0,713,0,1788620460,0,233,0,0,0,0,,0,0,181.102,236,5.18,19,19.304,5.06,0,0,0,0,0,1791319515,0
27103,2026-10-06T20:45:15,52.0,90.5,25.5,0,0.0,0.0,0.76,0.0,0.76,7.13,687.0,92.4,101.2,90.5,3.7,59.0,92.4,243,226,4.56,11.0,3.0,0,10,236,0,1,-25200,0,76,261,0,76,1,1788482940,0,0,0,0,0,713,0,1788620460,0,233,0,0,0,0,,0,0,181.102,236,5.18,19,19.304,5.06,0,0,0,0,0,1791319515,0
27104,2026-10-06T20:45:15,52.0,90.5,25.5,0,0.0,0.0,0.76,0.0,0.76,7.13,687.0,92.4,101.2,90.5,3.7,59.0,92.4,243,226,4.56,11.0,3.0,0,10,236,0,1,-25200,0,76,261,0,76,1,1788482940,0,0,0,0,0,713,0,1788620460,0,233,0,0,0,0,,0,0,181.102,236,5.18,19,19.304,5.06,0,0,0,0,0,1791319515,0
27105,2026-10-06T20:45:15,52.0,90.5,25.5,0,0.0,0.0,0.76,0.0,0.76,7.13,687.0,92.4,101.2,90.5,3.7,59.0,92.4,243,226,4.56,11.0,3.0,0,10,236,0,1,-25200,0,76,261,0,76,1,1788482940,0,0,0,0,0,713,0,1788620460,0,233,0,0,0,0,,0,0,181.102,236,5.18,19,19.304,5.06,0,0,0,0,0,1791319515,0
27106,2026-10-06T20:45:15,52.0,90.5,25.5,0,0.0,0.0,0.76,0.0,0.76,7.13,687.0,92.4,101.2,90.5,3.7,59.0,92.4,243,226,4.56,11.0,3.0,0,10,236,0,1,-25200,0,76,261,0,76,1,1788482940,0,0,0,0,0,713,0,1788620460,0,233,0,0,0,0,,0,0,181.102,236,5.18,19,19.304,5.06,0,0,0,0,0,1791319515,0
27107,2026-10-06T20:45:15,52.0,90.5,25.5,0,0.0,0.0,0.76,0.0,0.76,7.13,687.0,92.4,101.2,90.5,3.7,59.0,92.4,243,226,4.56,11.0,3.0,0,10,236,0,1,-25200,0,76,261,0,76,1,1788482940,0,0,0,0,0,713,0,1788620460,0,233,0,0,0,0,,0,0,181.102,236,5.18,19,19.304,5.06,0,0,0,0,0,1791319515,0
27108,2026-10-06T20:45:15,52.0,90.5,25.5,0,0.0,0.0,0.76,0.0,0.76,7.13,687.0,92.4,101.2,90.5,3.7,59.0,92.4,243,226,4.56,11.0,3.0,0,10,236,0,1,-25200,0,76,261,0,76,1,1788482940,0,0,0,0,0,713,0,1788620460,0,233,0,0,0,0,,0,0,181.102,236,5.18,19,19.304,5.06,0,0,0,0,0,1791319515,0
27109,2026-10-06T20:45:15,52.0,90.5,25.5,0,0.0,0.0,0.76,0.0,0.76,7.13,687.0,92.4,101.2,90.5,3.7,59.0,92.4,243,226,4.56,11.0,3.0,0,10,236,0,1,-25200,0,76,261,0,76,1,1788482940,0,0,0,0,0,713,0,1788620460,0,233,0,0,0,0,,0,0,181.102,236,5.18,19,19.304,5.06,0,0,0,0,0,1791319515,0
27110,2026-10-06T20:45:15,52.0,90.5,25.5,0,0.0,0.0,0.76,0.0,0.76,7.13,687.0,92.4,101.2,90.5,3.7,59.0,92.4,243,226,4.56,11.0,3.0,0,10,236,0,1,-25200,0,76,261,0,76,1,1788482940,0,0,0,0,0,713,0,1788620460,0,233,0,0,0,0,,0,0,181.102,236,5.18,19,19.304,5.06,0,0,0,0,0,1791319515,0
27111,2026-10-06T20:45:15,52.0,90.5,25.5,0,0.0,0.0,0.76,0.0,0.76,7.13,687.0,92.4,101.2,90.5,3.7,59.0,92.4,243,226,4.56,11.0,3.0,0,10,236,0,1,-25200,0,76,261,0,76,1,1788482940,0,0,0,0,0,713,0,1788620460,0,233,0,0,0,0,,0,0,181.102,236,5.18,19,19.304,5.06,0,0,0,0,0,1791319515,0
27112,2026-10-06T20:45:15,52.0,90.5,25.5,0,0.0,0.0,0.76,0.0,0.76,7.13,687.0,92.4,101.2,90.5,3.7,59.0,92.4,243,226,4.56,11.0,3.0,0,10,236,0,1,-25200,0,76,261,0,76,1,1788482940,0,0,0,0,0,713,0,1788620460,0,233,0,0,0,0,,0,0,181.102,236,5.18,19,19.304,5.06,0,0,0,0,0,1791319515,0
27113,2026-10-06T20:45:15,52.0,90.5,25.5,0,0.0,0.0,0.76,0.0,0.76,7.13,687.0,92.4,101.2,90.5,3.7,59.0,92.4,243,226,4.56,11.0,3.0,0,10,236,0,1,-25200,0,76,261,0,76,1,1788482940,0,0,0,0,0,713,0,1788620460,0,233,0,0,0,0,,0,0,181.102,236,5.18,19,19.304,5.06,0,0,0,0,0,1791319515,0
27114,2026-10-06T20:45:15,52.0,90.5,25.5,0,0.0,0.0,0.76,0.0,0.76,7.13,687.0,92.4,101.2,90.5,3.7,59.0,92.4,243,226,4.56,11.0,3.0,0,10,236,0,1,-25200,0,76,261,0,76,1,1788482940,0,0,0,0,0,713,0,1788620460,0,233,0,0,0,0,,0,0,181.102,236,5.18,19,19.304,5.06,0,0,0,0,0,1791319515,0
27115,2026-10-06T20:45:15,52.0,90.5,25.5,0,0.0,0.0,0.76,0.0,0.76,7.13,687.0,92.4,101.2,90.5,3.7,59.0,92.4,243,226,4.56,11.0,3.0,0,10,236,0,1,-25200,0,76,261,0,76,1,1788482940,0,0,0,0,0,713,0,1788620460,0,233,0,0,0,0,,0,0,181.102,236,5.18,19,19.304,5.06,0,0,0,0,0,1791319515,0
27116,2026-10-06T20:45:15,52.0,90.5,25.5,0,0.0,0.0,0.76,0.0,0.76,7.13,687.0,92.4,101.2,90.5,3.7,59.0,92.4,243,226,4.56,11.0,3.0,0,10,236,0,1,-25200,0,76,261,0,76,1,1788482940,0,0,0,0,0,713,0,1788620460,0,233,0,0,0,0,,0,0,181.102,236,5.18,19,19.304,5.06,0,0,0,0,0,1791319515,0
27117,2026-10-06T20:45:15,52.0,90.5,25.5,0,0.0,0.0,0.76,0.0,0.76,7.13,687.0,92.4,101.2,90.5,3.7,59.0,92.4,243,226,4.56,11.0,3.0,0,10,236,0,1,-25200,0,76,261,0,76,1,1788482940,0,0,0,0,0,713,0,1788620460,0,233,0,0,0,0,,0,0,181.102,236,5.18,19,19.304,5.06,0,0,0,0,0,1791319515,0
27118,2026-10-06T20:45:15,52.0,90.5,25.5,0,0.0,0.0,0.76,0.0,0.76,7.13,687.0,92.4,101.2,90.5,3.7,59.0,92.4,243,226,4.56,11.0,3.0,0,10,236,0,1,-25200,0,76,261,0,76,1,1788482940,0,0,0,0,0,713,0,1788620460,0,233,0,0,0,0,,0,0,181.102,236,5.18,19,19.304,5.06,0,0,0,0,0,1791319515,0
27119,2026-10-06T20:45:15,52.0,90.5,25.5,0,0.0,0.0,0.76,0.0,0.76,7.13,687.0,92.4,101.2,90.5,3.7,59.0,92.4,243,226,4.56,11.0,3.0,0,10,236,0,1,-25200,0,76,261,0,76,1,1788482940,0,0,0,0,0,713,0,1788620460,0,233,0,0,0,0,,0,0,181.102,236,5.18,19,19.304,5.06,0,0,0,0,0,1791319515,0
27120,2026-10-06T20:45:15,52.0,90.5,25.5,0,0.0,0.0,0.76,0.0,0.76,7.13,687.0,92.4,101.2,90.5,3.7,59.0,92.4,243,226,4.56,11.0,3.0,0,10,236,0,1,-25200,0,76,261,0,76,1,1788482940,0,0,0,0,0,713,0,1788620460,0,233,0,0,0,0,,0,0,181.102,236,5.18,19,19.304,5.06,0,0,0,0,0,1791319515,0
27121,2026-10-06T20:45:15,52.0,90.5,25.5,0,0.0,0.0,0.76,0.0,0.76,7.13,687.0,92.4,101.2,90.5,3.7,59.0,92.4,243,226,4.56,11.0,3.0,0,10,236,0,1,-25200,0,76,261,0,76,1,1788482940,0,0,0,0,0,713,0,1788620460,0,233,0,0,0,0,,0,0,181.102,236,5.18,19,19.304,5.06,0,0,0,0,0,1791319515,0
27122,2026-10-06T20:45:15,52.0,90.5,25.5,0,0.0,0.0,0.76,0.0,0.76,7.13,687.0,92.4,101.2,90.5,3.7,59.0,92.4,243,226,4.56,11.0,3.0,0,10,236,0,1,-25200,0,76,261,0,76,1,1788482940,0,0,0,0,0,713,0,1788620460,0,233,0,0,0,0,,0,0,181.102,236,5.18,19,19.304,5.06,0,0,0,0,0,1791319515,0
27123,2026-10-06T20:45:15,52.0,90.5,25.5,0,0.0,0.0,0.76,0.0,0.76,7.13,687.0,92.4,101.2,90.5,3.7,59.0,92.4,243,226,4.56,11.0,3.0,0,10,236,0,1,-25200,0,76,261,0,76,1,1788482940,0,0,0,0,0,713,0,1788620460,0,233,0,0,0,0,,0,0,181.102,236,5.18,19,19.304,5.06,0,0,0,0,0,1791319515,0
27124,2026-10-06T20:45:15,52.0,90.5,25.5,0,0.0,0.0,0.76,0.0,0.76,7.13,687.0,92.4,101.2,90.5,3.7,59.0,92.4,243,226,4.56,11.0,3.0,0,10,236,0,1,-25200,0,76,261,0,76,1,1788482940,0,0,0,0,0,713,0,1788620460,0,233,0,0,0,0,,0,0,181.102,236,5.18,19,19.304,5.06,0,0,0,0,0,1791319515,0
27125,2026-10-06T20:45:15,52.0,90.5,25.5,0,0.0,0.0,0.76,0.0,0.76,7.13,687.0,92.4,101.2,90.5,3.7,59.0,92.4,243,226,4.56,11.0,3.0,0,10,236,0,1,-25200,0,76,261,0,76,1,1788482940,0,0,0,0,0,713,0,1788620460,0,233,0,0,0,0,,0,0,181.102,236,5.18,19,19.304,5.06,0,0,0,0,0,1791319515,0
27126,2026-10-06T20:45:15,52.0,90.5,25.5,0,0.0,0.0,0.76,0.0,0.76,7.13,687.0,92.4,101.2,90.5,3.7,59.0,92.4,243,226,4.56,11.0,3.0,0,10,236,0,1,-25200,0,76,261,0,76,1,1788482940,0,0,0,0,0,713,0,1788620460,0,233,0,0,0,0,,0,0,181.102,236,5.18,19,19.304,5.06,0,0,0,0,0,1791319515,0
27127,2026-10-06T20:45:15,52.0,90.5,25.5,0,0.0,0.0,0.76,0.0,0.76,7.13,687.0,92.4,101.2,90.5,3.7,59.0,92.4,243,226,4.56,11.0,3.0,0,10,236,0,1,-25200,0,76,261,0,76,1,1788482940,0,0,0,0,0,713,0,1788620460,0,233,0,0,0,0,,0,0,181.102,236,5.18,19,19.304,5.06,0,0,0,0,0,1791319515,0
27128,2026-10-06T20:45:15,52.0,90.5,25.5,0,0.0,0.0,0.76,0.0,0.76,7.13,687.0,92.4,101.2,90.5,3.7,59.0,92.4,243,226,4.56,11.0,3.0,0,10,236,0,1,-25200,0,76,261,0,76,1,1788482940,0,0,0,0,0,713,0,1788620460,0,233,0,0,0,0,,0,0,181.102,236,5.18,19,19.304,5.06,0,0,0,0,0,1791319515,0
27129,2026-10-06T20:45:15,52.0,90.5,25.5,0,0.0,0.0,0.76,0.0,0.76,7.13,687.0,92.4,101.2,90.5,3.7,59.0,92.4,243,226,4.56,11.0,3.0,0,10,236,0,1,-25200,0,76,261,0,76,1,1788482940,0,0,0,0,0,713,0,1788620460,0,233,0,0,0,0,,0,0,181.102,236,5.18,19,19.304,5.06,0,0,0,0,0,1791319515,0
27130,2026-10-06T20:45:15,52.0,90.5,25.5,0,0.0,0.0,0.76,0.0,0.76,7.13,687.0,92.4,101.2,90.5,3.7,59.0,92.4,243,226,4.56,11.0,3.0,0,10,236,0,1,-25200,0,76,261,0,76,1,1788482940,0,0,0,0,0,713,0,1788620460,0,233,0,0,0,0,,0,0,181.102,236,5.18,19,19.304,5.06,0,0,0,0,0,1791319515,0
27131,2026-10-06T20:45:15,52.0,90.5,25.5,0,0.0,0.0,0.76,0.0,0.76,7.13,687.0,92.4,101.2,90.5,3.7,59.0,92.4,243,226,4.56,11.0,3.0,0,10,236,0,1,-25200,0,76,261,0,76,1,1788482940,0,0,0,0,0,713,0,1788620460,0,233,0,0,0,0,,0,0,181.102,236,5.18,19,19.304,5.06,0,0,0,0,0,1791319515,0
27132,2026-10-06T20:45:15,52.0,90.5,25.5,0,0.0,0.0,0.76,0.0,0.76,7.13,687.0,92.4,101.2,90.5,3.7,59.0,92.4,243,226,4.56,11.0,3.0,0,10,236,0,1,-25200,0,76,261,0,76,1,1788482940,0,0,0,0,0,713,0,1788620460,0,233,0,0,0,0,,0,0,181.102,236,5.18,19,19.304,5.06,0,0,0,0,0,1791319515,0
27133,2026-10-06T20:45:15,52.0,90.5,25.5,0,0.0,0.0,0.76,0.0,0.76,7.13,687.0,92.4,101.2,90.5,3.7,59.0,92.4,243,226,4.56,11.0,3.0,0,10,236,0,1,-25200,0,76,261,0,76,1,1788482940,0,0,0,0,0,713,0,1788620460,0,233,0,0,0,0,,0,0,181.102,236,5.18,19,19.304,5.06,0,0,0,0,0,1791319515,0
27134,2026-10-06T20:45:15,52.0,90.5,25.5,0,0.0,0.0,0.76,0.0,0.76,7.13,687.0,92.4,101.2,90.5,3.7,59.0,92.4,243,226,4.56,11.0,3.0,0,10,236,0,1,-25200,0,76,261,0,76,1,1788482940,0,0,0,0,0,713,0,1788620460,0,233,0,0,0,0,,0,0,181.102,236,5.18,19,19.304,5.06,0,0,0,0,0,1791319515,0
27135,2026-10-06T20:45:15,52.0,90.5,25.5,0,0.0,0.0,0.76,0.0,0.76,7.13,687.0,92.4,101.2,90.5,3.7,59.0,92.4,243,226,4.56,11.0,3.0,0,10,236,0,1,-25200,0,76,261,0,76,1,1788482940,0,0,0,0,0,713,0,1788620460,0,233,0,0,0,0,,0,0,181.102,236,5.18,19,19.304,5.06,0,0,0,0,0,1791319515,0
